<?xml version="1.0" encoding="UTF-8"?>
<!DOCTYPE configuration PUBLIC "-//mybatis.org//DTD Config 3.0//EN" "http://mybatis.org/dtd/mybatis-3-config.dtd">

<configuration>
	<settings>
		<setting name="mapUnderscoreToCamelCase" value="true" />
	</settings>
	<typeAliases>
		<typeAlias alias="contents" type="devonframe.gyva.front.contents.model.Contents" />
		<typeAlias alias="code" type="devonframe.gyva.front.common.code.model.Code" />
	    <typeAlias alias="user" type="devonframe.gyva.front.common.user.model.User" />
	    <typeAlias alias="fileInfo" type="devonframe.gyva.front.common.filedownload.model.FileInfo" />	    
	    <typeAlias alias="manager" type="devonframe.gyva.admin.manager.model.Manager" />
	</typeAliases>
	<plugins>
		<plugin interceptor="devonframe.log.trace.interceptor.QueryLoggingInterceptor" />
		<plugin interceptor="devonframe.paging.interceptor.MyBatisPagingInterceptor" />
		<plugin interceptor="devonframe.scrollpaging.interceptor.MyBatisScrollPagingInterceptor" />
	</plugins>			
</configuration>