<?xml version="1.0" encoding="UTF-8"?>
<!DOCTYPE mapper PUBLIC "-//mybatis.org//DTD Mapper 3.0//EN" "http://mybatis.org/dtd/mybatis-3-mapper.dtd">

<mapper namespace="FileInfo">

    <!-- 첨부파일 업로드 -->
    <insert id="insertFileInfo" parameterType="hashMap">
            <![CDATA[
		INSERT INTO file_info(
        	   file_id
        	 , file_number
        	 , file_name
        	 , file_path
        	 , file_size
        	 , file_extension
        	 , create_id
        	 , create_date
        	 , update_id
        	 , update_date
        ) VALUES (
             #{fileId}
           , #{fileNumber}
           , #{fileName}
           , #{uploadFilePath}
           , #{fileSize}
           , #{fileExtension}
           ]]>
        <choose>
			<when test="createId != null and createId != ''">
		        		<![CDATA[ , #{createId} ]]>
			</when>
			<otherwise>
		        		<![CDATA[ , 0 ]]>
			</otherwise>
		</choose>
        <![CDATA[
           , NOW()
          ]]>
		<choose>
			<when test="updateId != null and updateId != ''">
	        		<![CDATA[ , #{updateId} ]]>
			</when>
			<otherwise>
	        		<![CDATA[ , 0 ]]>
			</otherwise>
		</choose>
        <![CDATA[
           , NOW()
        )
        ]]>    
    </insert>
    
    <update id="updateFileInfo" parameterType="hashMap">
            <![CDATA[
		UPDATE file_info
		   SET file_name = #{fileName}
        	 , file_path = #{uploadFilePath}
        	 , file_size = #{fileSize}
        	 , file_extension = #{fileExtension}
        	 , update_id = #{updateId}
        	 , update_date = NOW()
         WHERE file_id = #{fileId}
           AND file_number = #{fileNumber}
           ]]> 
    </update>
    
    <select id="retrieveFileInfoList" resultType="fileInfo">
        SELECT file_id as fileId
             , file_number as fileNumber
             , file_name as fileName
             , file_path as uploadFilePath
             , file_size as fileSize
             , file_extension as fileExtension
             , create_id as createId
             , create_date as createDate
             , update_id as updateId
             , update_date as updateDate
          FROM file_info
         WHERE 1=1 AND delete_yn = 'N'    
        <if test="fileId != null and fileId != ''">
        <![CDATA[ AND file_id = #{fileId}  ]]>
        </if>
    </select>
    
    <delete id="deleteFileInfo">
        <![CDATA[
        DELETE FROM file_info
        WHERE file_id = #{fileId}
        AND file_path = #{filePath}
        ]]>    
    
    </delete>

</mapper>