INSERT INTO SAM_EMPLOYEE VALUES('10001','김태연','19531111',NULL,'M','024452345','서울 송파 잠실본동','103492','00001','00001','00001','00001');
INSERT INTO SAM_EMPLOYEE VALUES('10002','제시카 정','19651010',NULL,'F','025570636','서울 강남 삼성동 153-5     ','645744','00002','00001','00006','00002');
INSERT INTO SAM_EMPLOYEE VALUES('10003','이순규','19650707',NULL,'M','027789630','서울 중구 남창동 167-4       ','234466','00005','00001','00002','00003');
INSERT INTO SAM_EMPLOYEE VALUES('10004','황미영','19790101',NULL,'M','029429953','서울 송파 잠실5단지','234655','00001','00001','00001','00002');
INSERT INTO SAM_EMPLOYEE VALUES('10005','김효연','19660403',NULL,'M','028062152','서울 금천 시흥본동 875-6   ','111222','00003','00002','00002','00004');
INSERT INTO SAM_EMPLOYEE VALUES('10006','권유리','19720409',NULL,'M','025760288','서울 서초 양재동 327-18    ','121312','00002','00007','00004','00003');
INSERT INTO SAM_EMPLOYEE VALUES('10007','최수영','19730906',NULL,'M','025363956','서울 서초 서초동 1316-29   ','123454','00006','00001','00001','00004');
INSERT INTO SAM_EMPLOYEE VALUES('10008','임윤아','19770808',NULL,'F','025424363','인천 계양 병방동 20-32     ','454264','00002','00001','00002','00001');
INSERT INTO SAM_EMPLOYEE VALUES('10009','서주현','19820201',NULL,'F','0234536485','서울 강남 대치3동','135834','00002','00001','00002','00004');
INSERT INTO SAM_EMPLOYEE VALUES('10010','김사랑','19770203',NULL,'F','027895965','서울 영등포 여의도 60        ','346223','00002','00001','00001','00003');
INSERT INTO SAM_EMPLOYEE VALUES('20001','김태홍','19750102',NULL,'M','025455163','서울 강남 신사 68-8(옥산빌딩);','645323','00004','00002','00003','00004');
INSERT INTO SAM_EMPLOYEE VALUES('20002','박은숙','19540106',NULL,'M','024082821','서울 마포 공덕 삼성','138221','00001','00001','00001','00004');
INSERT INTO SAM_EMPLOYEE VALUES('20003','백승구','19730105',NULL,'M','022636660','서울 양천 목동  405-136         ','123523','00005','00007','00006','00002');
INSERT INTO SAM_EMPLOYEE VALUES('20004','변승민','19800805',NULL,'M','029900107','서울 강북 수유 188-4         ','234312','00004','00002','00001','00002');
INSERT INTO SAM_EMPLOYEE VALUES('20005','성정기','19650406',NULL,'M','029968080','서울 강북 수유2 269-63       ','864364','00003','00003','00002','00003');
INSERT INTO SAM_EMPLOYEE VALUES('30001','조인성','19730302',NULL,'M','024137787','서울 송파 송파1 47-9(402호);  ','130430','00002','00002','00001','00001');
INSERT INTO SAM_EMPLOYEE VALUES('30002','원빈','19691225',NULL,'M','028141276','서울 동작 상도 116-25        ','123543','00002','00002','00001','00002');
INSERT INTO SAM_EMPLOYEE VALUES('30003','한선화','19830904',NULL,'M','022661254','서울 강서 가양2 1478         ','230403','00002','00002','00003','00002');
INSERT INTO SAM_EMPLOYEE VALUES('30004','장근석','19721203',NULL,'M','023412234','서울 마포 동교 200-29        ','123125','00007','00001','00001','00002');
INSERT INTO SAM_EMPLOYEE VALUES('30005','박지성','19870904',NULL,'M','025010221','서울 마포 망원 386-2(1층);','345632','00002','00001','00003','00001');
INSERT INTO SAM_EMPLOYEE VALUES('30006','전효성','19680325',NULL,'F','025166959','서울 서대문 아현1동','125221','00003','00002','00002','00001');
INSERT INTO SAM_EMPLOYEE VALUES('30007','현빈','19780923',NULL,'M','023417511','서울 서초 서초 1316-3        ','432044','00002','00002','00004','00002');
INSERT INTO SAM_EMPLOYEE VALUES('30008','하지원','19710920',NULL,'M','022601666','서울 양천 신월6 600-8        ','987034','00002','00002','00004','00002');
INSERT INTO SAM_EMPLOYEE VALUES('30009','원빈','19720924',NULL,'M','025015204','서울 강남 대치 901-66        ','198734','00002','00002','00004','00002');
INSERT INTO SAM_EMPLOYEE VALUES('30010','천전명','19750423',NULL,'M','022260466','서울 중구 필동3 18-7           ','230834','00002','00002','00004','00002');
INSERT INTO SAM_EMPLOYEE_DLT VALUES('20006','안민수','19630702','6307021111111','M','027368100','서울 종로 세종 159           ','233421','00003','00006','00001','00003');
INSERT INTO SAM_EMPLOYEE_DLT VALUES('20007','양정희','19680307','6803072111111','F','029083782','서울 강북 수유4 279-236      ','343240','00004','00004','00004','00003');
INSERT INTO SAM_EMPLOYEE_DLT VALUES('20008','윤기영','19651224','6512241111111','M','025560665','서울 강남 역삼1(타지역);      ','243087','00003','00004','00002','00003');
INSERT INTO SAM_EMPLOYEE_DLT VALUES('20009','이기백','19780308','7803081111111','M','025161515','서울 강남 논현 116-2(2층);    ','430940','00003','00008','00001','00003');
INSERT INTO SAM_EMPLOYEE_DLT VALUES('20010','이상민','19750628','7506282111111','F','022674040','서울 강서 화곡7 369-55(1층);  ','342040','00001','00001','00003','00001');

INSERT INTO SAM_EXCEL_EMPLOYEE VALUES('10001','김태연','19531111','024452345','00001','00001');
INSERT INTO SAM_EXCEL_EMPLOYEE VALUES('10002','제시카 정','19651010','025570636','00002','00002');
INSERT INTO SAM_EXCEL_EMPLOYEE VALUES('10003','이순규','19650707','027789630','00005','00003');
INSERT INTO SAM_EXCEL_EMPLOYEE VALUES('10004','황미영','19790101','029429953','00001','00002');
INSERT INTO SAM_EXCEL_EMPLOYEE VALUES('10005','김효연','19660403','028062152','00003','00004');
INSERT INTO SAM_EXCEL_EMPLOYEE VALUES('20001','김태홍','19750102','025455163','00004','00004');
INSERT INTO SAM_EXCEL_EMPLOYEE VALUES('20002','박은숙','19540106','024082821','00001','00004');
INSERT INTO SAM_EXCEL_EMPLOYEE VALUES('20003','백승구','19730105','022636660','00005','00002');
INSERT INTO SAM_EXCEL_EMPLOYEE VALUES('30002','원빈','19691225','028141276','00002','00002');
INSERT INTO SAM_EXCEL_EMPLOYEE VALUES('30003','한선화','19830904','022661254','00002','00002');

INSERT INTO SAM_ACHIEVEMENT VALUES('30001','2000',231241,' 2월 실적','2');
INSERT INTO SAM_ACHIEVEMENT VALUES('30001','2000',562342,' 3월 실적','3');
INSERT INTO SAM_ACHIEVEMENT VALUES('30001','2000',334234,' 4월 실적','4');
INSERT INTO SAM_ACHIEVEMENT VALUES('30002','2001',623423,' 3월 실적','3');
INSERT INTO SAM_ACHIEVEMENT VALUES('30002','2001',235234,' 4월 실적','4');
INSERT INTO SAM_ACHIEVEMENT VALUES('30002','2001',234234,' 5월 실적','5');
INSERT INTO SAM_ACHIEVEMENT VALUES('30002','2001',745645,' 6월 실적','6');
INSERT INTO SAM_ACHIEVEMENT VALUES('30002','2002',773734,' 7월 실적','7');
INSERT INTO SAM_ACHIEVEMENT VALUES('30002','2002',234236,' 8월 실적','8');
INSERT INTO SAM_ACHIEVEMENT VALUES('30003','2002',346734,' 6월 실적','6');
INSERT INTO SAM_ACHIEVEMENT VALUES('30003','2002',436435,' 7월 실적','7');
INSERT INTO SAM_ACHIEVEMENT VALUES('30003','2002',743563,' 8월 실적','8');
INSERT INTO SAM_ACHIEVEMENT VALUES('30003','2002',234523,' 9월 실적','9');
INSERT INTO SAM_ACHIEVEMENT VALUES('30003','2002',376345,'10월 실적','10');
INSERT INTO SAM_ACHIEVEMENT VALUES('30004','2002',234523,'11월 실적','11');
INSERT INTO SAM_ACHIEVEMENT VALUES('30004','2003',234523,' 4월 실적','4');
INSERT INTO SAM_ACHIEVEMENT VALUES('30004','2003',234534,' 5월 실적','5');
INSERT INTO SAM_ACHIEVEMENT VALUES('30005','2003',745459,' 6월 실적','6');
INSERT INTO SAM_ACHIEVEMENT VALUES('30006','2003',234523,' 7월 실적','7');
INSERT INTO SAM_ACHIEVEMENT VALUES('30006','2003',234534,' 8월 실적','8');
INSERT INTO SAM_ACHIEVEMENT VALUES('30006','2003',745459,' 9월 실적','9');
INSERT INTO SAM_ACHIEVEMENT VALUES('30007','2006',300000,' 9월 실적','01');
INSERT INTO SAM_ACHIEVEMENT VALUES('30007','2005',353343,' 9월 실적','3');
INSERT INTO SAM_ACHIEVEMENT VALUES('30008','2002',3434242,'9월 실적','3');
INSERT INTO SAM_ACHIEVEMENT VALUES('30008','2000',5656464,'9월 실적','4');
INSERT INTO SAM_ACHIEVEMENT VALUES('30009','1999',2000000,'6월 실적','6');
INSERT INTO SAM_ACHIEVEMENT VALUES('30010','1999',3000000,'1월 실적','1');

INSERT INTO SAM_CODE VALUES('ROLE','00001','관리자','관리자 권한');
INSERT INTO SAM_CODE VALUES('ROLE','00002','개발자','개발자 권한');

INSERT INTO SAM_SKILL VALUES('00001','초급');
INSERT INTO SAM_SKILL VALUES('00002','중급');
INSERT INTO SAM_SKILL VALUES('00003','고급');
INSERT INTO SAM_SKILL VALUES('00004','특급');

INSERT INTO SAM_JOBLEVEL VALUES('00001','임원');
INSERT INTO SAM_JOBLEVEL VALUES('00002','상무');
INSERT INTO SAM_JOBLEVEL VALUES('00003','부장');
INSERT INTO SAM_JOBLEVEL VALUES('00004','차장');
INSERT INTO SAM_JOBLEVEL VALUES('00005','과장');
INSERT INTO SAM_JOBLEVEL VALUES('00006','대리');
INSERT INTO SAM_JOBLEVEL VALUES('00007','사원');

INSERT INTO SAM_DIVISION VALUES('00001','공공사업본부');
INSERT INTO SAM_DIVISION VALUES('00002','하이테크사업부');
INSERT INTO SAM_DIVISION VALUES('00003','금융/ITO사업본부');
INSERT INTO SAM_DIVISION VALUES('00004','기술서비스부문');
INSERT INTO SAM_DIVISION VALUES('00005','기술연구부문');
INSERT INTO SAM_DIVISION VALUES('00006','CONSULTING부문');
INSERT INTO SAM_DIVISION VALUES('00007','경영관리부문');
INSERT INTO SAM_DIVISION VALUES('00008','인사/경영지원부문');

INSERT INTO SAM_DEPARTMENT VALUES('00001','00001','공공1사업부');
INSERT INTO SAM_DEPARTMENT VALUES('00001','00002','공공2사업부');
INSERT INTO SAM_DEPARTMENT VALUES('00001','00003','공공3사업부');
INSERT INTO SAM_DEPARTMENT VALUES('00001','00004','통신미디어/네트웍사업부');
INSERT INTO SAM_DEPARTMENT VALUES('00001','00005','공공사업지원부문');
INSERT INTO SAM_DEPARTMENT VALUES('00001','00006','공공영업부문');
INSERT INTO SAM_DEPARTMENT VALUES('00002','00001','전자사업부');
INSERT INTO SAM_DEPARTMENT VALUES('00002','00002','제조사업부');
INSERT INTO SAM_DEPARTMENT VALUES('00002','00003','장치/메디컬사업부');
INSERT INTO SAM_DEPARTMENT VALUES('00002','00004','서비스사업부');
INSERT INTO SAM_DEPARTMENT VALUES('00002','00005','어플리케이션통합서비스부문');
INSERT INTO SAM_DEPARTMENT VALUES('00002','00006','솔루션부문');
INSERT INTO SAM_DEPARTMENT VALUES('00003','00002','ITO사업부');
INSERT INTO SAM_DEPARTMENT VALUES('00004','00002','인프라이키텍쳐센터');
INSERT INTO SAM_DEPARTMENT VALUES('00004','00003','S/W아키텍쳐센터');
INSERT INTO SAM_DEPARTMENT VALUES('00004','00004','PRM센터');
INSERT INTO SAM_DEPARTMENT VALUES('00005','00001','연구개발센터');
INSERT INTO SAM_DEPARTMENT VALUES('00005','00002','기술대학원');
INSERT INTO SAM_DEPARTMENT VALUES('00006','00001','공공그룹');
INSERT INTO SAM_DEPARTMENT VALUES('00006','00002','전자그룹');
INSERT INTO SAM_DEPARTMENT VALUES('00006','00003','금융그룹');
INSERT INTO SAM_DEPARTMENT VALUES('00006','00004','통신/미디어그룹');
INSERT INTO SAM_DEPARTMENT VALUES('00006','00005','제조/서비스그룹');
INSERT INTO SAM_DEPARTMENT VALUES('00006','00006','솔루션그룹');
INSERT INTO SAM_DEPARTMENT VALUES('00006','00007','SCM/Logistics그룹');
INSERT INTO SAM_DEPARTMENT VALUES('00007','00001','전략마케팅담당');
INSERT INTO SAM_DEPARTMENT VALUES('00007','00002','경경기획팀');
INSERT INTO SAM_DEPARTMENT VALUES('00007','00003','재경팀');
INSERT INTO SAM_DEPARTMENT VALUES('00007','00004','범무지원팀');
INSERT INTO SAM_DEPARTMENT VALUES('00007','00005','외주지원팀');
INSERT INTO SAM_DEPARTMENT VALUES('00007','00006','IS팀');
INSERT INTO SAM_DEPARTMENT VALUES('00007','00007','정보보안팀');
INSERT INTO SAM_DEPARTMENT VALUES('00008','00001','인사팀');
INSERT INTO SAM_DEPARTMENT VALUES('00008','00002','조직문화팀');
INSERT INTO SAM_DEPARTMENT VALUES('00008','00003','경영지원팀');
INSERT INTO SAM_DEPARTMENT VALUES('00008','00004','비상계획팀');
INSERT INTO SAM_DEPARTMENT VALUES('00008','00005','홍보팀');

INSERT INTO SAM_MESSAGES VALUES('dev.inf.com.nodata','en','no such data found.','Y');
INSERT INTO SAM_MESSAGES VALUES('dev.inf.com.nodata','ko','검색된 내용이 없습니다.','Y');
INSERT INTO SAM_MESSAGES VALUES('errors.required','en','{0} is required.','Y');
INSERT INTO SAM_MESSAGES VALUES('errors.required','ko','{0} 은(는) 필수 입력값입니다.','Y');

INSERT INTO SAM_USER VALUES('devon','데브온','mf3aeLzWQbCcT1B0I0YoazVvLmXFRuG/gBBHVZCuJJxUNdGgk9zyLX5w3rJ7Sk16OXFhK6AItTNwaqsUC12T9w==','ko','00001','201202140024','admin','201202140024');
INSERT INTO SAM_USER VALUES('hongkd','홍길동','Sf+bzouA2L9DOc1bMno+R7gkLEBc1GSrXJwJWhgWSUcD6POMmz06e3Ezxd+LPkaKIFeoJzUfrCcXw+F1IFtoeQ==','ko','00002','201202140024','admin','201202140024');