<?xml version="1.0" encoding="UTF-8"?>
<beans xmlns="http://www.springframework.org/schema/beans"
	xmlns:xsi="http://www.w3.org/2001/XMLSchema-instance"
	xmlns:context="http://www.springframework.org/schema/context"
	xsi:schemaLocation="http://www.springframework.org/schema/beans http://www.springframework.org/schema/beans/spring-beans.xsd
		http://www.springframework.org/schema/context http://www.springframework.org/schema/context/spring-context.xsd">

	<!-- File Upload -->
	<bean id="multipartResolver" class="org.springframework.web.multipart.commons.CommonsMultipartResolver">
		<!-- Windows에서는 C:/ 루트로부터 경로를 지정할때는 file:를 붙여주어야 함 -->
		<!-- <property name="uploadTempDir" value="classpath:fileupload/temp" /> -->
		<property name="uploadTempDir" value="file:C:/fileupload/temp" />
		<property name="maxInMemorySize" value="2"/>
		<property name="defaultEncoding" value="UTF-8" />
	</bean>

	<bean id="fileUpload" class="devonframe.fileupload.FileUpload">
		<property name="globalPolicy" ref="globalPolicy"/>
		<property name="optionalPolicyMap">
			<map>
				<entry key="policy2" value-ref="policy2"></entry>
			</map>
		</property>
	</bean>

	<bean id="globalPolicy" class="devonframe.fileupload.policy.DefaultFileUploadPolicy">
		<property name="uploadTargetDir" value="file:C:/fileupload" />
		<property name="allowPattern" value="*"/>
		<property name="denyPattern" value="*.jsp"/>
		<property name="renamePattern" value="{prefix}{date:yyyyMMdd}.{ext}" />
		<property name="maxTotalFileSize" value="30MB"/>
		<property name="maxFileSize" value="50MB" />
		<property name="sequenceAllow" value="true"/>
		<property name="zeroSizeAllow" value="true"/>
	</bean>

	<bean id="policy2" parent="globalPolicy" class="devonframe.fileupload.policy.DefaultFileUploadPolicy">
		<property name="denyPattern" value="*.exe"/>
		<property name="renamePattern" value="{prefix}[{ext}].{ext}" />
		<property name="maxFileSize" value="10KB" />
		<property name="sequenceAllow" value="false"/>
	</bean>

</beans>