INSERT INTO TDT_USER VALUES('devon' , '데브온', '49ff9bce8b80d8bf4339cd5b327a3e47b8242c405cd464ab5c9c095a1816494703e8f38c9b3d3a7b7133c5df8b3e468a2057a827351fac2717c3e175205b6879', 'ko', '00001', '201202140024', 'admin', '201202140024');
INSERT INTO TDT_USER VALUES('hongkd', '홍길동', '69b5605af404233a205a9faa3f5576925339f4dd0dbc8822434b54a0da83a11b2cfb8f21373643b7311b33c8886bc3f3cae4046049597b8fc3ae03bf55f761db', 'ko', '00002', '201202140024', 'admin', '201202140024');
INSERT INTO TDT_EMPLOYEE VALUES('10001', 'name:10001', '19531111', NULL, 'F', '024452345'  , '서울 송파 잠실본동'           , '103492', '00002', '0000100006', '00002');
INSERT INTO TDT_EMPLOYEE VALUES('10002', 'name:10002', '19651010', NULL, 'F', '025570636'  , '서울 강남 삼성동 153-5 '      , '645744', '00002', '0000100006', '00002');
INSERT INTO TDT_EMPLOYEE VALUES('10003', 'name:10003', '19650707', NULL, 'F', '027789630'  , '서울 중구 남창동 167-4 '      , '234466', '00002', '0000100006', '00002');
INSERT INTO TDT_EMPLOYEE VALUES('10004', 'name:10004', '19790101', NULL, 'M', '029429953'  , '서울 송파 잠실5단지'          , '234655', '00001', '0000100001', '00002');
INSERT INTO TDT_EMPLOYEE VALUES('10005', 'name:10005', '19660403', NULL, 'M', '028062152'  , '서울 금천 시흥본동 875-6 '    , '111222', '00003', '0000200002', '00004');
INSERT INTO TDT_EMPLOYEE VALUES('10006', 'name:10006', '19720409', NULL, 'M', '025760288'  , '서울 서초 양재동 327-18 '     , '121312', '00002', '0000700004', '00003');
INSERT INTO TDT_EMPLOYEE VALUES('10007', 'name:10007', '19730906', NULL, 'M', '025363956'  , '서울 서초 서초동 1316-29 '    , '123454', '00006', '0000100001', '00004');
INSERT INTO TDT_EMPLOYEE VALUES('10008', 'name:10008', '19770808', NULL, 'F', '025424363'  , '인천 계양 병방동 20-32 '      , '454264', '00002', '0000100002', '00001');
INSERT INTO TDT_EMPLOYEE VALUES('10009', 'name:10009', '19820201', NULL, 'F', '0234536485' , '서울 강남 대치3동'            , '135834', '00002', '0000100002', '00004');
INSERT INTO TDT_EMPLOYEE VALUES('10010', 'name:10010', '19770203', NULL, 'F', '027895965'  , '서울 영등포 여의도 60 '       , '346223', '00002', '0000100001', '00003');
INSERT INTO TDT_EMPLOYEE VALUES('20001', 'name:20001', '19750102', NULL, 'M', '025455163'  , '서울 강남 신사 68-8(옥산빌딩)', '645323', '00004', '0000200003', '00004');
INSERT INTO TDT_EMPLOYEE VALUES('20002', 'name:20002', '19540106', NULL, 'M', '024082821'  , '서울 마포 공덕 삼성'          , '138221', '00001', '0000100001', '00004');
INSERT INTO TDT_EMPLOYEE VALUES('20003', 'name:20003', '19730105', NULL, 'M', '022636660'  , '서울 양천 목동 405-136 '      , '123523', '00005', '0000700006', '00002');
INSERT INTO TDT_EMPLOYEE VALUES('20004', 'name:20004', '19800805', NULL, 'M', '029900107'  , '서울 강북 수유 188-4 '        , '234312', '00004', '0000200001', '00002');
INSERT INTO TDT_EMPLOYEE VALUES('20005', 'name:20005', '19650406', NULL, 'M', '029968080'  , '서울 강북 수유2 269-63 '      , '864364', '00003', '0000300002', '00003');
INSERT INTO TDT_EMPLOYEE VALUES('20006', 'name:20006', '19630702', NULL, 'M', '027368100'  , '서울 종로 세종 159 '          , '233421', '00003', '0000600001', '00003');
INSERT INTO TDT_EMPLOYEE VALUES('20007', 'name:20007', '19680307', NULL, 'F', '029083782'  , '서울 강북 수유4 279-236 '     , '343240', '00004', '0000400004', '00003');
INSERT INTO TDT_EMPLOYEE VALUES('20008', 'name:20008', '19651224', NULL, 'M', '025560665'  , '서울 강남 역삼1(타지역) '     , '243087', '00003', '0000400002', '00003');
INSERT INTO TDT_EMPLOYEE VALUES('20009', 'name:20009', '19780308', NULL, 'M', '025161515'  , '서울 강남 논현 116-2(2층) '   , '430940', '00003', '0000800001', '00003');
INSERT INTO TDT_EMPLOYEE VALUES('20010', 'name:20010', '19810106', NULL, 'F', '03192781021', '경기 성남 분당'               , '209113', '00003', '0000400004', '00003');
INSERT INTO TDT_EMPLOYEE VALUES('30001', 'name:30001', '19730302', NULL, 'M', '024137787'  , '서울 송파 송파1 47-9(402호) ' , '130430', '00002', '0000200001', '00001');
INSERT INTO TDT_EMPLOYEE VALUES('30002', 'name:30002', '19691225', NULL, 'M', '028141276'  , '서울 동작 상도 116-25 '       , '123543', '00002', '0000200001', '00002');
INSERT INTO TDT_EMPLOYEE VALUES('30003', 'name:30003', '19830904', NULL, 'M', '022661254'  , '서울 강서 가양2 1478 '        , '230403', '00002', '0000200003', '00002');
INSERT INTO TDT_EMPLOYEE VALUES('30004', 'name:30004', '19721203', NULL, 'M', '023412234'  , '서울 마포 동교 200-29 '       , '123125', '00007', '0000100001', '00002');
INSERT INTO TDT_EMPLOYEE VALUES('30005', 'name:30005', '19870904', NULL, 'M', '025010221'  , '서울 마포 망원 386-2(1층)'    , '345632', '00002', '0000100003', '00001');
INSERT INTO TDT_EMPLOYEE VALUES('30006', 'name:30006', '19680325', NULL, 'F', '025166959'  , '서울 서대문 아현1동'          , '125221', '00003', '0000200002', '00001');
INSERT INTO TDT_EMPLOYEE VALUES('30007', 'name:30007', '19780923', NULL, 'M', '023417511'  , '서울 서초 서초 1316-3 '       , '432044', '00002', '0000200004', '00002');
INSERT INTO TDT_EMPLOYEE VALUES('30008', 'name:30008', '19710920', NULL, 'M', '022601666'  , '서울 양천 신월6 600-8 '       , '987034', '00002', '0000200004', '00002');
INSERT INTO TDT_EMPLOYEE VALUES('30009', 'name:30009', '19720924', NULL, 'M', '025015204'  , '서울 강남 대치 901-66 '       , '198734', '00002', '0000200004', '00002');
INSERT INTO TDT_EMPLOYEE VALUES('30010', 'name:30010', '19750423', NULL, 'M', '022260466'  , '서울 중구 필동3 18-7 '        , '230834', '00002', '0000200004', '00002');
INSERT INTO TDT_EMPLOYEE_ADDITIONAL VALUES('20001', 'Audit'   , '3', '20010618', 'Y',  'N' );
INSERT INTO TDT_EMPLOYEE_ADDITIONAL VALUES('20002', 'Network' , '1', '20030618', 'Y',  'N' );
INSERT INTO TDT_EMPLOYEE_ADDITIONAL VALUES('20003', 'Security', '4', '20060618', 'Y',  'N' );
INSERT INTO TDT_EMPLOYEE_ADDITIONAL VALUES('20004', 'Sales'   , '5', '20060618', 'Y',  'N' );
INSERT INTO TDT_EMPLOYEE_ADDITIONAL VALUES('20005', 'Testing' , '3', '20080618', 'Y',  'N' );
INSERT INTO TDT_EMPLOYEE_ADDITIONAL VALUES('20006', 'Audit'   , '1', '20100618', 'Y',  'N' );
INSERT INTO TDT_EMPLOYEE_ADDITIONAL VALUES('20007', 'Network' , '8', '20010618', 'Y',  'N' );
INSERT INTO TDT_EMPLOYEE_ADDITIONAL VALUES('20008', 'Sales'   , '6', '20020618', 'Y',  'N' );
INSERT INTO TDT_EMPLOYEE_ADDITIONAL VALUES('20009', 'Testing' , '4', '20020618', 'Y',  'N' );
INSERT INTO TDT_EMPLOYEE_ADDITIONAL VALUES('20010', 'Sales'   , '2', '20020618', 'Y',  'N' );
INSERT INTO TDT_ACHIEVEMENT VALUES('30001', '2000', 231241 , ' 2월 실적', '2');
INSERT INTO TDT_ACHIEVEMENT VALUES('30001', '2000', 562342 , ' 3월 실적', '3');
INSERT INTO TDT_ACHIEVEMENT VALUES('30001', '2000', 334234 , ' 4월 실적', '4');
INSERT INTO TDT_ACHIEVEMENT VALUES('30002', '2001', 623423 , ' 3월 실적', '3');
INSERT INTO TDT_ACHIEVEMENT VALUES('30002', '2001', 235234 , ' 4월 실적', '4');
INSERT INTO TDT_ACHIEVEMENT VALUES('30002', '2001', 234234 , ' 5월 실적', '5');
INSERT INTO TDT_ACHIEVEMENT VALUES('30002', '2001', 745645 , ' 6월 실적', '6');
INSERT INTO TDT_ACHIEVEMENT VALUES('30002', '2002', 773734 , ' 7월 실적', '7');
INSERT INTO TDT_ACHIEVEMENT VALUES('30002', '2002', 234236 , ' 8월 실적', '8');
INSERT INTO TDT_ACHIEVEMENT VALUES('30003', '2002', 346734 , ' 6월 실적', '6');
INSERT INTO TDT_ACHIEVEMENT VALUES('30003', '2002', 436435 , ' 7월 실적', '7');
INSERT INTO TDT_ACHIEVEMENT VALUES('30003', '2002', 743563 , ' 8월 실적', '8');
INSERT INTO TDT_ACHIEVEMENT VALUES('30003', '2002', 234523 , ' 9월 실적', '9');
INSERT INTO TDT_ACHIEVEMENT VALUES('30003', '2002', 376345 , '10월 실적', '10');
INSERT INTO TDT_ACHIEVEMENT VALUES('30004', '2002', 234523 , '11월 실적', '11');
INSERT INTO TDT_ACHIEVEMENT VALUES('30004', '2003', 234523 , ' 4월 실적', '4');
INSERT INTO TDT_ACHIEVEMENT VALUES('30004', '2003', 234534 , ' 5월 실적', '5');
INSERT INTO TDT_ACHIEVEMENT VALUES('30005', '2003', 745459 , ' 6월 실적', '6');
INSERT INTO TDT_ACHIEVEMENT VALUES('30006', '2003', 234523 , ' 7월 실적', '7');
INSERT INTO TDT_ACHIEVEMENT VALUES('30006', '2003', 234534 , ' 8월 실적', '8');
INSERT INTO TDT_ACHIEVEMENT VALUES('30006', '2003', 745459 , ' 9월 실적', '9');
INSERT INTO TDT_ACHIEVEMENT VALUES('30007', '2006', 300000 , ' 9월 실적', '01');
INSERT INTO TDT_ACHIEVEMENT VALUES('30007', '2005', 353343 , ' 9월 실적', '3');
INSERT INTO TDT_ACHIEVEMENT VALUES('30008', '2002', 3434242, '9월 실적' , '3');
INSERT INTO TDT_ACHIEVEMENT VALUES('30008', '2000', 5656464, '9월 실적' , '4');
INSERT INTO TDT_ACHIEVEMENT VALUES('30009', '1999', 2000000, '6월 실적' , '6');
INSERT INTO TDT_ACHIEVEMENT VALUES('30010', '1999', 3000000, '1월 실적' , '1');
INSERT INTO TDT_DIVISION VALUES('00001', '공공사업본부');
INSERT INTO TDT_DIVISION VALUES('00002', '하이테크사업부');
INSERT INTO TDT_DIVISION VALUES('00003', '금융/ITO사업본부');
INSERT INTO TDT_DIVISION VALUES('00004', '기술서비스부문');
INSERT INTO TDT_DIVISION VALUES('00005', '기술연구부문');
INSERT INTO TDT_DIVISION VALUES('00006', 'CONSULTING부문');
INSERT INTO TDT_DIVISION VALUES('00007', '경영관리부문');
INSERT INTO TDT_DIVISION VALUES('00008', '인사/경영지원부문');
INSERT INTO TDT_DEPARTMENT VALUES('00001', '00001', '공공1사업부');
INSERT INTO TDT_DEPARTMENT VALUES('00002', '00001', '전자사업부');
INSERT INTO TDT_DEPARTMENT VALUES('00005', '00001', '연구개발센터');
INSERT INTO TDT_DEPARTMENT VALUES('00006', '00001', '공공그룹');
INSERT INTO TDT_DEPARTMENT VALUES('00007', '00001', '전략마케팅담당');
INSERT INTO TDT_DEPARTMENT VALUES('00008', '00001', '인사팀');
INSERT INTO TDT_DEPARTMENT VALUES('00001', '00002', '공공2사업부');
INSERT INTO TDT_DEPARTMENT VALUES('00002', '00002', '제조사업부');
INSERT INTO TDT_DEPARTMENT VALUES('00003', '00002', 'ITO사업부');
INSERT INTO TDT_DEPARTMENT VALUES('00004', '00002', '인프라이키텍쳐센터');
INSERT INTO TDT_DEPARTMENT VALUES('00005', '00002', '기술대학원');
INSERT INTO TDT_DEPARTMENT VALUES('00006', '00002', '전자그룹');
INSERT INTO TDT_DEPARTMENT VALUES('00007', '00002', '경경기획팀');
INSERT INTO TDT_DEPARTMENT VALUES('00008', '00002', '조직문화팀');
INSERT INTO TDT_DEPARTMENT VALUES('00001', '00003', '공공3사업부');
INSERT INTO TDT_DEPARTMENT VALUES('00002', '00003', '장치/메디컬사업부');
INSERT INTO TDT_DEPARTMENT VALUES('00004', '00003', 'S/W아키텍쳐센터');
INSERT INTO TDT_DEPARTMENT VALUES('00006', '00003', '금융그룹');
INSERT INTO TDT_DEPARTMENT VALUES('00007', '00003', '재경팀');
INSERT INTO TDT_DEPARTMENT VALUES('00008', '00003', '경영지원팀');
INSERT INTO TDT_DEPARTMENT VALUES('00001', '00004', '통신미디어/네트웍사업부');
INSERT INTO TDT_DEPARTMENT VALUES('00002', '00004', '서비스사업부');
INSERT INTO TDT_DEPARTMENT VALUES('00004', '00004', 'PRM센터');
INSERT INTO TDT_DEPARTMENT VALUES('00006', '00004', '통신/미디어그룹');
INSERT INTO TDT_DEPARTMENT VALUES('00007', '00004', '범무지원팀');
INSERT INTO TDT_DEPARTMENT VALUES('00008', '00004', '비상계획팀');
INSERT INTO TDT_DEPARTMENT VALUES('00001', '00005', '공공사업지원부문');
INSERT INTO TDT_DEPARTMENT VALUES('00002', '00005', '어플리케이션통합서비스부문');
INSERT INTO TDT_DEPARTMENT VALUES('00006', '00005', '제조/서비스그룹');
INSERT INTO TDT_DEPARTMENT VALUES('00007', '00005', '외주지원팀');
INSERT INTO TDT_DEPARTMENT VALUES('00008', '00005', '홍보팀');
INSERT INTO TDT_DEPARTMENT VALUES('00001', '00006', '공공영업부문');
INSERT INTO TDT_DEPARTMENT VALUES('00002', '00006', '솔루션부문');
INSERT INTO TDT_DEPARTMENT VALUES('00006', '00006', '솔루션그룹');
INSERT INTO TDT_DEPARTMENT VALUES('00007', '00006', 'IS팀');
INSERT INTO TDT_DEPARTMENT VALUES('00006', '00007', 'SCM/Logistics그룹');
INSERT INTO TDT_DEPARTMENT VALUES('00007', '00007', '정보보안팀');
INSERT INTO TDT_APPLY VALUES('2012001', 'name:2012001', '19931111', '9301012011224', 'F', '024452345' , '서울 송파 잠실본동'      , '103492', NULL, NULL, 0);
INSERT INTO TDT_APPLY VALUES('2012002', 'name:2012002', '19951010', '9501012011224', 'F', '025570636' , '서울 강남 삼성동 153-5'  , '645744', NULL, NULL, 0);
INSERT INTO TDT_APPLY VALUES('2012003', 'name:2012003', '19950707', '9501011011224', 'M', '027789630' , '서울 중구 남창동 167-4'  , '234466', NULL, NULL, 0);
INSERT INTO TDT_APPLY VALUES('2012004', 'name:2012004', '19990101', '9901011011224', 'M', '029429953' , '서울 송파 잠실5단지'     , '234655', NULL, NULL, 0);
INSERT INTO TDT_APPLY VALUES('2012005', 'name:2012005', '19960403', '9601011011224', 'M', '028062152' , '서울 금천 시흥본동 875-6', '111222', NULL, NULL, 0);
INSERT INTO TDT_APPLY VALUES('2012006', 'name:2012006', '19920409', '9201011011224', 'M', '025760288' , '서울 서초 양재동 327-18' , '121312', NULL, NULL, 0);
INSERT INTO TDT_APPLY VALUES('2012007', 'name:2012007', '19930906', '9301011011224', 'M', '025363956' , '서울 서초 서초동 1316-29', '123454', NULL, NULL, 0);
INSERT INTO TDT_APPLY VALUES('2012008', 'name:2012008', '19970808', '9701012011224', 'F', '025424363' , '인천 계양 병방동 20-32'  , '454264', NULL, NULL, 0);
INSERT INTO TDT_APPLY VALUES('2012009', 'name:2012009', '19920201', '9201012011224', 'F', '0234536485', '서울 강남 대치3동'       , '135834', NULL, NULL, 0);
INSERT INTO TDT_APPLY VALUES('2012010', 'name:2012010', '19970203', '9701012011224', 'F', '027895965' , '서울 영등포 여의도 60'   , '346223', NULL, NULL, 0);
INSERT INTO TDT_ACCOUNT VALUES('111-124-1231', 'a123', '데브온', 'devon' , 1000120, '20110531124530');
INSERT INTO TDT_ACCOUNT VALUES('111-124-1232', 'a123', '데브온', 'devon' , 2000120, '20110531124530');
INSERT INTO TDT_ACCOUNT VALUES('111-124-1233', 'a123', '데브온', 'devon' , 3000120, '20110531124530');
INSERT INTO TDT_ACCOUNT VALUES('111-124-1234', 'a123', '홍길동', 'hongkd', 4000120, '20110531124530');
INSERT INTO TDT_ACCOUNT VALUES('111-124-1235', 'a123', '홍길동', 'hongkd', 5000120, '20110531124530');
INSERT INTO TDT_ACCOUNT VALUES('111-124-1236', 'a123', '홍길동', 'hongkd', 6000120, '20110531124530');
INSERT INTO TDT_ACCOUNT VALUES('111-124-1237', 'a123', '홍길동', 'hongkd', 7000120, '20110531124530');
INSERT INTO TDT_TRANSFER VALUES('111-124-1231', 'devon' , '111-124-1235', '홍길동', 300000, 300000, '20110505124530');
INSERT INTO TDT_TRANSFER VALUES('111-124-1232', 'devon' , '111-124-1235', '홍길동', 300000, 300000, '20110505124530');
INSERT INTO TDT_TRANSFER VALUES('111-124-1233', 'devon' , '111-124-1235', '홍길동', 300000, 300000, '20110505124530');
INSERT INTO TDT_TRANSFER VALUES('111-124-1234', 'hongkd', '111-124-1235', '홍길동', 300000, 300000, '20110505124530');
INSERT INTO TDT_TRANSFER VALUES('111-124-1235', 'hongkd', '111-124-1235', '홍길동', 300000, 300000, '20110505124530');
INSERT INTO TDT_TRANSFER VALUES('111-124-1236', 'hongkd', '111-124-1235', '홍길동', 300000, 300000, '20110505124530');
INSERT INTO TDT_TRANSFER VALUES('111-124-1237', 'hongkd', '111-124-1235', '홍길동', 300000, 300000, '20110505124530');
INSERT INTO TDT_CODE VALUES('JOBLEVEL', '00001', '임원'  ,  '임원 직급');
INSERT INTO TDT_CODE VALUES('JOBLEVEL', '00002', '상무'  ,  '상무 직급');
INSERT INTO TDT_CODE VALUES('JOBLEVEL', '00003', '부장'  ,  '부장 직급');
INSERT INTO TDT_CODE VALUES('JOBLEVEL', '00004', '차장'  ,  '차장 직급');
INSERT INTO TDT_CODE VALUES('JOBLEVEL', '00005', '과장'  ,  '과장 직급');
INSERT INTO TDT_CODE VALUES('JOBLEVEL', '00006', '대리'  ,  '대리 직급');
INSERT INTO TDT_CODE VALUES('JOBLEVEL', '00007', '사원'  ,  '사원 직급');
INSERT INTO TDT_CODE VALUES('SKILL'   , '00001', '초급'  ,  '기술등급 초급');
INSERT INTO TDT_CODE VALUES('SKILL'   , '00002', '중급'  ,  '기술등급 중급');
INSERT INTO TDT_CODE VALUES('SKILL'   , '00003', '고급'  ,  '기술등급 고급');
INSERT INTO TDT_CODE VALUES('SKILL'   , '00004', '특급'  ,  '기술등급 특급');
INSERT INTO TDT_CODE VALUES('ROLE'    , '00001', '관리자',  '관리자 권한');
INSERT INTO TDT_CODE VALUES('ROLE'    , '00002', '개발자',  '개발자 권한');








