<?xml version="1.0" encoding="UTF-8"?>
<!DOCTYPE mapper PUBLIC "-//mybatis.org//DTD Mapper 3.0//EN" "http://mybatis.org/dtd/mybatis-3-mapper.dtd">

<mapper namespace="Code">

    <select id="retrieveCategoryCodeList" resultType="hashmap" >
        <![CDATA[
        SELECT code AS "code"
             , code_name AS "value"
          FROM code_detail
         WHERE 1 = 1
        ]]>
        <if test="codeGroup != null and codeGroup != ''">
        <![CDATA[ AND GROUP_ID = #{codeGroup} ]]>
        </if>
    </select>

    <select id="retrieveSkillCodeList" resultType="hashmap" >
        <![CDATA[
        SELECT CODE AS "code"
             , NAME AS "value"
          FROM SAM_SKILL
        ]]>
    </select>

    <select  id="retrieveDivisionCodeList" resultType="hashmap">
        <![CDATA[
        SELECT CODE AS "code"
             , NAME AS "value"
          FROM SAM_DIVISION
        ]]>
    </select>

    <select id="retrieveDepartmentCodeList" resultType="hashmap">
        <![CDATA[
        SELECT CODE AS "code"
             , NAME AS "value"
          FROM SAM_DEPARTMENT
          WHERE 1=1
        ]]>
        <if test="codeGroup != null and codeGroup != ''">
        <![CDATA[ AND DIV_CODE = #{codeGroup} ]]>
        </if>
    </select>

    <select id="retrieveJobLevelCodeList" resultType="hashmap">
        <![CDATA[
        SELECT CODE AS "code"
             , NAME AS "value"
          FROM SAM_JOBLEVEL
        ]]>
    </select>

</mapper>