name,sex,departmentCode,joblevelCode,skillCode,telephone,birthdate,postal,address
BATCH-000000,F,100001,7,4,263000000,19700101,140200,LGCNS DEVON BATCH
BATCH-000001,F,100001,7,4,263000001,19700102,140200,LGCNS DEVON BATCH
BATCH-000002,F,100001,7,4,263000002,19700103,140200,LGCNS DEVON BATCH
BATCH-000003,F,100001,7,4,263000003,19700104,140200,LGCNS DEVON BATCH
BATCH-000004,F,100001,7,4,263000004,19700105,140200,LGCNS DEVON BATCH
BATCH-000005,M,100001,7,4,263000005,19700106,140200,LGCNS DEVON BATCH
BATCH-000006,F,100001,7,4,263000006,19700107,140200,LGCNS DEVON BATCH
BATCH-000007,F,100001,7,4,263000007,19700108,140200,LGCNS DEVON BATCH
BATCH-000008,M,100001,7,4,263000008,19700109,140200,LGCNS DEVON BATCH
BATCH-000009,F,100001,7,4,263000009,19700110,140200,LGCNS DEVON BATCH
BATCH-000010,M,100001,7,4,263000010,19700111,140200,LGCNS DEVON BATCH
BATCH-000011,M,100001,7,4,263000011,19700112,140200,LGCNS DEVON BATCH
BATCH-000012,M,100001,7,4,263000012,19700113,140200,LGCNS DEVON BATCH
BATCH-000013,F,100001,7,4,263000013,19700114,140200,LGCNS DEVON BATCH
BATCH-000014,F,100001,7,4,263000014,19700115,140200,LGCNS DEVON BATCH
BATCH-000015,M,100001,7,4,263000015,19700116,140200,LGCNS DEVON BATCH
BATCH-000016,M,100001,7,4,263000016,19700117,140200,LGCNS DEVON BATCH
BATCH-000017,F,100001,7,4,263000017,19700118,140200,LGCNS DEVON BATCH
BATCH-000018,M,100001,7,4,263000018,19700119,140200,LGCNS DEVON BATCH
BATCH-000019,F,100001,7,4,263000019,19700120,140200,LGCNS DEVON BATCH
BATCH-000020,M,100001,7,4,263000020,19700121,140200,LGCNS DEVON BATCH
BATCH-000021,M,100001,7,4,263000021,19700122,140200,LGCNS DEVON BATCH
BATCH-000022,M,100001,7,4,263000022,19700123,140200,LGCNS DEVON BATCH
BATCH-000023,F,100001,7,4,263000023,19700124,140200,LGCNS DEVON BATCH
BATCH-000024,M,100001,7,4,263000024,19700125,140200,LGCNS DEVON BATCH
BATCH-000025,M,100001,7,4,263000025,19700126,140200,LGCNS DEVON BATCH
BATCH-000026,F,100001,7,4,263000026,19700127,140200,LGCNS DEVON BATCH
BATCH-000027,F,100001,7,4,263000027,19700128,140200,LGCNS DEVON BATCH
BATCH-000028,M,100001,7,4,263000028,19700129,140200,LGCNS DEVON BATCH
BATCH-000029,F,100001,7,4,263000029,19700130,140200,LGCNS DEVON BATCH
BATCH-000030,F,100001,7,4,263000030,19700131,140200,LGCNS DEVON BATCH
BATCH-000031,F,100001,7,4,263000031,19700201,140200,LGCNS DEVON BATCH
BATCH-000032,F,100001,7,4,263000032,19700202,140200,LGCNS DEVON BATCH
BATCH-000033,F,100001,7,4,263000033,19700203,140200,LGCNS DEVON BATCH
BATCH-000034,M,100001,7,4,263000034,19700204,140200,LGCNS DEVON BATCH
BATCH-000035,M,100001,7,4,263000035,19700205,140200,LGCNS DEVON BATCH
BATCH-000036,M,100001,7,4,263000036,19700206,140200,LGCNS DEVON BATCH
BATCH-000037,M,100001,7,4,263000037,19700207,140200,LGCNS DEVON BATCH
BATCH-000038,M,100001,7,4,263000038,19700208,140200,LGCNS DEVON BATCH
BATCH-000039,M,100001,7,4,263000039,19700209,140200,LGCNS DEVON BATCH
BATCH-000040,F,100001,7,4,263000040,19700210,140200,LGCNS DEVON BATCH
BATCH-000041,F,100001,7,4,263000041,19700211,140200,LGCNS DEVON BATCH
BATCH-000042,F,100001,7,4,263000042,19700212,140200,LGCNS DEVON BATCH
BATCH-000043,F,100001,7,4,263000043,19700213,140200,LGCNS DEVON BATCH
BATCH-000044,M,100001,7,4,263000044,19700214,140200,LGCNS DEVON BATCH
BATCH-000045,M,100001,7,4,263000045,19700215,140200,LGCNS DEVON BATCH
BATCH-000046,F,100001,7,4,263000046,19700216,140200,LGCNS DEVON BATCH
BATCH-000047,F,100001,7,4,263000047,19700217,140200,LGCNS DEVON BATCH
BATCH-000048,M,100001,7,4,263000048,19700218,140200,LGCNS DEVON BATCH
BATCH-000049,M,100001,7,4,263000049,19700219,140200,LGCNS DEVON BATCH
BATCH-000050,F,100001,7,4,263000050,19700220,140200,LGCNS DEVON BATCH
BATCH-000051,M,100001,7,4,263000051,19700221,140200,LGCNS DEVON BATCH
BATCH-000052,M,100001,7,4,263000052,19700222,140200,LGCNS DEVON BATCH
BATCH-000053,M,100001,7,4,263000053,19700223,140200,LGCNS DEVON BATCH
BATCH-000054,M,100001,7,4,263000054,19700224,140200,LGCNS DEVON BATCH
BATCH-000055,M,100001,7,4,263000055,19700225,140200,LGCNS DEVON BATCH
BATCH-000056,F,100001,7,4,263000056,19700226,140200,LGCNS DEVON BATCH
BATCH-000057,F,100001,7,4,263000057,19700227,140200,LGCNS DEVON BATCH
BATCH-000058,M,100001,7,4,263000058,19700228,140200,LGCNS DEVON BATCH
BATCH-000059,M,100001,7,4,263000059,19700301,140200,LGCNS DEVON BATCH
BATCH-000060,M,100001,7,4,263000060,19700302,140200,LGCNS DEVON BATCH
BATCH-000061,M,100001,7,4,263000061,19700303,140200,LGCNS DEVON BATCH
BATCH-000062,F,100001,7,4,263000062,19700304,140200,LGCNS DEVON BATCH
BATCH-000063,F,100001,7,4,263000063,19700305,140200,LGCNS DEVON BATCH
BATCH-000064,M,100001,7,4,263000064,19700306,140200,LGCNS DEVON BATCH
BATCH-000065,M,100001,7,4,263000065,19700307,140200,LGCNS DEVON BATCH
BATCH-000066,M,100001,7,4,263000066,19700308,140200,LGCNS DEVON BATCH
BATCH-000067,F,100001,7,4,263000067,19700309,140200,LGCNS DEVON BATCH
BATCH-000068,F,100001,7,4,263000068,19700310,140200,LGCNS DEVON BATCH
BATCH-000069,M,100001,7,4,263000069,19700311,140200,LGCNS DEVON BATCH
BATCH-000070,M,100001,7,4,263000070,19700312,140200,LGCNS DEVON BATCH
BATCH-000071,M,100001,7,4,263000071,19700313,140200,LGCNS DEVON BATCH
BATCH-000072,M,100001,7,4,263000072,19700314,140200,LGCNS DEVON BATCH
BATCH-000073,M,100001,7,4,263000073,19700315,140200,LGCNS DEVON BATCH
BATCH-000074,F,100001,7,4,263000074,19700316,140200,LGCNS DEVON BATCH
BATCH-000075,M,100001,7,4,263000075,19700317,140200,LGCNS DEVON BATCH
BATCH-000076,F,100001,7,4,263000076,19700318,140200,LGCNS DEVON BATCH
BATCH-000077,M,100001,7,4,263000077,19700319,140200,LGCNS DEVON BATCH
BATCH-000078,F,100001,7,4,263000078,19700320,140200,LGCNS DEVON BATCH
BATCH-000079,F,100001,7,4,263000079,19700321,140200,LGCNS DEVON BATCH
BATCH-000080,M,100001,7,4,263000080,19700322,140200,LGCNS DEVON BATCH
BATCH-000081,M,100001,7,4,263000081,19700323,140200,LGCNS DEVON BATCH
BATCH-000082,M,100001,7,4,263000082,19700324,140200,LGCNS DEVON BATCH
BATCH-000083,F,100001,7,4,263000083,19700325,140200,LGCNS DEVON BATCH
BATCH-000084,M,100001,7,4,263000084,19700326,140200,LGCNS DEVON BATCH
BATCH-000085,F,100001,7,4,263000085,19700327,140200,LGCNS DEVON BATCH
BATCH-000086,M,100001,7,4,263000086,19700328,140200,LGCNS DEVON BATCH
BATCH-000087,M,100001,7,4,263000087,19700329,140200,LGCNS DEVON BATCH
BATCH-000088,M,100001,7,4,263000088,19700330,140200,LGCNS DEVON BATCH
BATCH-000089,F,100001,7,4,263000089,19700331,140200,LGCNS DEVON BATCH
BATCH-000090,M,100001,7,4,263000090,19700401,140200,LGCNS DEVON BATCH
BATCH-000091,F,100001,7,4,263000091,19700402,140200,LGCNS DEVON BATCH
BATCH-000092,F,100001,7,4,263000092,19700403,140200,LGCNS DEVON BATCH
BATCH-000093,F,100001,7,4,263000093,19700404,140200,LGCNS DEVON BATCH
BATCH-000094,F,100001,7,4,263000094,19700405,140200,LGCNS DEVON BATCH
BATCH-000095,M,100001,7,4,263000095,19700406,140200,LGCNS DEVON BATCH
BATCH-000096,F,100001,7,4,263000096,19700407,140200,LGCNS DEVON BATCH
BATCH-000097,M,100001,7,4,263000097,19700408,140200,LGCNS DEVON BATCH
BATCH-000098,M,100001,7,4,263000098,19700409,140200,LGCNS DEVON BATCH
BATCH-000099,M,100001,7,4,263000099,19700410,140200,LGCNS DEVON BATCH
BATCH-000100,M,100001,7,4,263000100,19700411,140200,LGCNS DEVON BATCH
BATCH-000101,F,100001,7,4,263000101,19700412,140200,LGCNS DEVON BATCH
BATCH-000102,F,100001,7,4,263000102,19700413,140200,LGCNS DEVON BATCH
BATCH-000103,F,100001,7,4,263000103,19700414,140200,LGCNS DEVON BATCH
BATCH-000104,M,100001,7,4,263000104,19700415,140200,LGCNS DEVON BATCH
BATCH-000105,M,100001,7,4,263000105,19700416,140200,LGCNS DEVON BATCH
BATCH-000106,M,100001,7,4,263000106,19700417,140200,LGCNS DEVON BATCH
BATCH-000107,M,100001,7,4,263000107,19700418,140200,LGCNS DEVON BATCH
BATCH-000108,M,100001,7,4,263000108,19700419,140200,LGCNS DEVON BATCH
BATCH-000109,M,100001,7,4,263000109,19700420,140200,LGCNS DEVON BATCH
BATCH-000110,M,100001,7,4,263000110,19700421,140200,LGCNS DEVON BATCH
BATCH-000111,M,100001,7,4,263000111,19700422,140200,LGCNS DEVON BATCH
BATCH-000112,M,100001,7,4,263000112,19700423,140200,LGCNS DEVON BATCH
BATCH-000113,M,100001,7,4,263000113,19700424,140200,LGCNS DEVON BATCH
BATCH-000114,F,100001,7,4,263000114,19700425,140200,LGCNS DEVON BATCH
BATCH-000115,M,100001,7,4,263000115,19700426,140200,LGCNS DEVON BATCH
BATCH-000116,F,100001,7,4,263000116,19700427,140200,LGCNS DEVON BATCH
BATCH-000117,M,100001,7,4,263000117,19700428,140200,LGCNS DEVON BATCH
BATCH-000118,M,100001,7,4,263000118,19700429,140200,LGCNS DEVON BATCH
BATCH-000119,M,100001,7,4,263000119,19700430,140200,LGCNS DEVON BATCH
BATCH-000120,F,100001,7,4,263000120,19700501,140200,LGCNS DEVON BATCH
BATCH-000121,M,100001,7,4,263000121,19700502,140200,LGCNS DEVON BATCH
BATCH-000122,F,100001,7,4,263000122,19700503,140200,LGCNS DEVON BATCH
BATCH-000123,M,100001,7,4,263000123,19700504,140200,LGCNS DEVON BATCH
BATCH-000124,F,100001,7,4,263000124,19700505,140200,LGCNS DEVON BATCH
BATCH-000125,M,100001,7,4,263000125,19700506,140200,LGCNS DEVON BATCH
BATCH-000126,F,100001,7,4,263000126,19700507,140200,LGCNS DEVON BATCH
BATCH-000127,F,100001,7,4,263000127,19700508,140200,LGCNS DEVON BATCH
BATCH-000128,F,100001,7,4,263000128,19700509,140200,LGCNS DEVON BATCH
BATCH-000129,M,100001,7,4,263000129,19700510,140200,LGCNS DEVON BATCH
BATCH-000130,M,100001,7,4,263000130,19700511,140200,LGCNS DEVON BATCH
BATCH-000131,M,100001,7,4,263000131,19700512,140200,LGCNS DEVON BATCH
BATCH-000132,F,100001,7,4,263000132,19700513,140200,LGCNS DEVON BATCH
BATCH-000133,F,100001,7,4,263000133,19700514,140200,LGCNS DEVON BATCH
BATCH-000134,M,100001,7,4,263000134,19700515,140200,LGCNS DEVON BATCH
BATCH-000135,F,100001,7,4,263000135,19700516,140200,LGCNS DEVON BATCH
BATCH-000136,F,100001,7,4,263000136,19700517,140200,LGCNS DEVON BATCH
BATCH-000137,F,100001,7,4,263000137,19700518,140200,LGCNS DEVON BATCH
BATCH-000138,M,100001,7,4,263000138,19700519,140200,LGCNS DEVON BATCH
BATCH-000139,M,100001,7,4,263000139,19700520,140200,LGCNS DEVON BATCH
BATCH-000140,F,100001,7,4,263000140,19700521,140200,LGCNS DEVON BATCH
BATCH-000141,M,100001,7,4,263000141,19700522,140200,LGCNS DEVON BATCH
BATCH-000142,M,100001,7,4,263000142,19700523,140200,LGCNS DEVON BATCH
BATCH-000143,F,100001,7,4,263000143,19700524,140200,LGCNS DEVON BATCH
BATCH-000144,F,100001,7,4,263000144,19700525,140200,LGCNS DEVON BATCH
BATCH-000145,M,100001,7,4,263000145,19700526,140200,LGCNS DEVON BATCH
BATCH-000146,F,100001,7,4,263000146,19700527,140200,LGCNS DEVON BATCH
BATCH-000147,M,100001,7,4,263000147,19700528,140200,LGCNS DEVON BATCH
BATCH-000148,M,100001,7,4,263000148,19700529,140200,LGCNS DEVON BATCH
BATCH-000149,M,100001,7,4,263000149,19700530,140200,LGCNS DEVON BATCH
BATCH-000150,M,100001,7,4,263000150,19700531,140200,LGCNS DEVON BATCH
BATCH-000151,M,100001,7,4,263000151,19700601,140200,LGCNS DEVON BATCH
BATCH-000152,M,100001,7,4,263000152,19700602,140200,LGCNS DEVON BATCH
BATCH-000153,F,100001,7,4,263000153,19700603,140200,LGCNS DEVON BATCH
BATCH-000154,F,100001,7,4,263000154,19700604,140200,LGCNS DEVON BATCH
BATCH-000155,M,100001,7,4,263000155,19700605,140200,LGCNS DEVON BATCH
BATCH-000156,F,100001,7,4,263000156,19700606,140200,LGCNS DEVON BATCH
BATCH-000157,M,100001,7,4,263000157,19700607,140200,LGCNS DEVON BATCH
BATCH-000158,M,100001,7,4,263000158,19700608,140200,LGCNS DEVON BATCH
BATCH-000159,M,100001,7,4,263000159,19700609,140200,LGCNS DEVON BATCH
BATCH-000160,M,100001,7,4,263000160,19700610,140200,LGCNS DEVON BATCH
BATCH-000161,F,100001,7,4,263000161,19700611,140200,LGCNS DEVON BATCH
BATCH-000162,F,100001,7,4,263000162,19700612,140200,LGCNS DEVON BATCH
BATCH-000163,M,100001,7,4,263000163,19700613,140200,LGCNS DEVON BATCH
BATCH-000164,F,100001,7,4,263000164,19700614,140200,LGCNS DEVON BATCH
BATCH-000165,F,100001,7,4,263000165,19700615,140200,LGCNS DEVON BATCH
BATCH-000166,F,100001,7,4,263000166,19700616,140200,LGCNS DEVON BATCH
BATCH-000167,F,100001,7,4,263000167,19700617,140200,LGCNS DEVON BATCH
BATCH-000168,M,100001,7,4,263000168,19700618,140200,LGCNS DEVON BATCH
BATCH-000169,M,100001,7,4,263000169,19700619,140200,LGCNS DEVON BATCH
BATCH-000170,F,100001,7,4,263000170,19700620,140200,LGCNS DEVON BATCH
BATCH-000171,M,100001,7,4,263000171,19700621,140200,LGCNS DEVON BATCH
BATCH-000172,M,100001,7,4,263000172,19700622,140200,LGCNS DEVON BATCH
BATCH-000173,F,100001,7,4,263000173,19700623,140200,LGCNS DEVON BATCH
BATCH-000174,F,100001,7,4,263000174,19700624,140200,LGCNS DEVON BATCH
BATCH-000175,F,100001,7,4,263000175,19700625,140200,LGCNS DEVON BATCH
BATCH-000176,F,100001,7,4,263000176,19700626,140200,LGCNS DEVON BATCH
BATCH-000177,F,100001,7,4,263000177,19700627,140200,LGCNS DEVON BATCH
BATCH-000178,M,100001,7,4,263000178,19700628,140200,LGCNS DEVON BATCH
BATCH-000179,F,100001,7,4,263000179,19700629,140200,LGCNS DEVON BATCH
BATCH-000180,M,100001,7,4,263000180,19700630,140200,LGCNS DEVON BATCH
BATCH-000181,F,100001,7,4,263000181,19700701,140200,LGCNS DEVON BATCH
BATCH-000182,M,100001,7,4,263000182,19700702,140200,LGCNS DEVON BATCH
BATCH-000183,M,100001,7,4,263000183,19700703,140200,LGCNS DEVON BATCH
BATCH-000184,M,100001,7,4,263000184,19700704,140200,LGCNS DEVON BATCH
BATCH-000185,M,100001,7,4,263000185,19700705,140200,LGCNS DEVON BATCH
BATCH-000186,M,100001,7,4,263000186,19700706,140200,LGCNS DEVON BATCH
BATCH-000187,M,100001,7,4,263000187,19700707,140200,LGCNS DEVON BATCH
BATCH-000188,M,100001,7,4,263000188,19700708,140200,LGCNS DEVON BATCH
BATCH-000189,M,100001,7,4,263000189,19700709,140200,LGCNS DEVON BATCH
BATCH-000190,F,100001,7,4,263000190,19700710,140200,LGCNS DEVON BATCH
BATCH-000191,F,100001,7,4,263000191,19700711,140200,LGCNS DEVON BATCH
BATCH-000192,F,100001,7,4,263000192,19700712,140200,LGCNS DEVON BATCH
BATCH-000193,F,100001,7,4,263000193,19700713,140200,LGCNS DEVON BATCH
BATCH-000194,M,100001,7,4,263000194,19700714,140200,LGCNS DEVON BATCH
BATCH-000195,F,100001,7,4,263000195,19700715,140200,LGCNS DEVON BATCH
BATCH-000196,F,100001,7,4,263000196,19700716,140200,LGCNS DEVON BATCH
BATCH-000197,F,100001,7,4,263000197,19700717,140200,LGCNS DEVON BATCH
BATCH-000198,M,100001,7,4,263000198,19700718,140200,LGCNS DEVON BATCH
BATCH-000199,F,100001,7,4,263000199,19700719,140200,LGCNS DEVON BATCH
BATCH-000200,F,100001,7,4,263000200,19700720,140200,LGCNS DEVON BATCH
BATCH-000201,M,100001,7,4,263000201,19700721,140200,LGCNS DEVON BATCH
BATCH-000202,F,100001,7,4,263000202,19700722,140200,LGCNS DEVON BATCH
BATCH-000203,M,100001,7,4,263000203,19700723,140200,LGCNS DEVON BATCH
BATCH-000204,M,100001,7,4,263000204,19700724,140200,LGCNS DEVON BATCH
BATCH-000205,M,100001,7,4,263000205,19700725,140200,LGCNS DEVON BATCH
BATCH-000206,F,100001,7,4,263000206,19700726,140200,LGCNS DEVON BATCH
BATCH-000207,M,100001,7,4,263000207,19700727,140200,LGCNS DEVON BATCH
BATCH-000208,F,100001,7,4,263000208,19700728,140200,LGCNS DEVON BATCH
BATCH-000209,M,100001,7,4,263000209,19700729,140200,LGCNS DEVON BATCH
BATCH-000210,M,100001,7,4,263000210,19700730,140200,LGCNS DEVON BATCH
BATCH-000211,F,100001,7,4,263000211,19700731,140200,LGCNS DEVON BATCH
BATCH-000212,M,100001,7,4,263000212,19700801,140200,LGCNS DEVON BATCH
BATCH-000213,F,100001,7,4,263000213,19700802,140200,LGCNS DEVON BATCH
BATCH-000214,F,100001,7,4,263000214,19700803,140200,LGCNS DEVON BATCH
BATCH-000215,F,100001,7,4,263000215,19700804,140200,LGCNS DEVON BATCH
BATCH-000216,F,100001,7,4,263000216,19700805,140200,LGCNS DEVON BATCH
BATCH-000217,F,100001,7,4,263000217,19700806,140200,LGCNS DEVON BATCH
BATCH-000218,F,100001,7,4,263000218,19700807,140200,LGCNS DEVON BATCH
BATCH-000219,F,100001,7,4,263000219,19700808,140200,LGCNS DEVON BATCH
BATCH-000220,F,100001,7,4,263000220,19700809,140200,LGCNS DEVON BATCH
BATCH-000221,M,100001,7,4,263000221,19700810,140200,LGCNS DEVON BATCH
BATCH-000222,F,100001,7,4,263000222,19700811,140200,LGCNS DEVON BATCH
BATCH-000223,M,100001,7,4,263000223,19700812,140200,LGCNS DEVON BATCH
BATCH-000224,F,100001,7,4,263000224,19700813,140200,LGCNS DEVON BATCH
BATCH-000225,M,100001,7,4,263000225,19700814,140200,LGCNS DEVON BATCH
BATCH-000226,M,100001,7,4,263000226,19700815,140200,LGCNS DEVON BATCH
BATCH-000227,F,100001,7,4,263000227,19700816,140200,LGCNS DEVON BATCH
BATCH-000228,M,100001,7,4,263000228,19700817,140200,LGCNS DEVON BATCH
BATCH-000229,F,100001,7,4,263000229,19700818,140200,LGCNS DEVON BATCH
BATCH-000230,F,100001,7,4,263000230,19700819,140200,LGCNS DEVON BATCH
BATCH-000231,F,100001,7,4,263000231,19700820,140200,LGCNS DEVON BATCH
BATCH-000232,M,100001,7,4,263000232,19700821,140200,LGCNS DEVON BATCH
BATCH-000233,F,100001,7,4,263000233,19700822,140200,LGCNS DEVON BATCH
BATCH-000234,M,100001,7,4,263000234,19700823,140200,LGCNS DEVON BATCH
BATCH-000235,M,100001,7,4,263000235,19700824,140200,LGCNS DEVON BATCH
BATCH-000236,M,100001,7,4,263000236,19700825,140200,LGCNS DEVON BATCH
BATCH-000237,F,100001,7,4,263000237,19700826,140200,LGCNS DEVON BATCH
BATCH-000238,F,100001,7,4,263000238,19700827,140200,LGCNS DEVON BATCH
BATCH-000239,F,100001,7,4,263000239,19700828,140200,LGCNS DEVON BATCH
BATCH-000240,M,100001,7,4,263000240,19700829,140200,LGCNS DEVON BATCH
BATCH-000241,M,100001,7,4,263000241,19700830,140200,LGCNS DEVON BATCH
BATCH-000242,F,100001,7,4,263000242,19700831,140200,LGCNS DEVON BATCH
BATCH-000243,M,100001,7,4,263000243,19700901,140200,LGCNS DEVON BATCH
BATCH-000244,F,100001,7,4,263000244,19700902,140200,LGCNS DEVON BATCH
BATCH-000245,F,100001,7,4,263000245,19700903,140200,LGCNS DEVON BATCH
BATCH-000246,F,100001,7,4,263000246,19700904,140200,LGCNS DEVON BATCH
BATCH-000247,F,100001,7,4,263000247,19700905,140200,LGCNS DEVON BATCH
BATCH-000248,M,100001,7,4,263000248,19700906,140200,LGCNS DEVON BATCH
BATCH-000249,F,100001,7,4,263000249,19700907,140200,LGCNS DEVON BATCH
BATCH-000250,F,100001,7,4,263000250,19700908,140200,LGCNS DEVON BATCH
BATCH-000251,F,100001,7,4,263000251,19700909,140200,LGCNS DEVON BATCH
BATCH-000252,F,100001,7,4,263000252,19700910,140200,LGCNS DEVON BATCH
BATCH-000253,F,100001,7,4,263000253,19700911,140200,LGCNS DEVON BATCH
BATCH-000254,M,100001,7,4,263000254,19700912,140200,LGCNS DEVON BATCH
BATCH-000255,F,100001,7,4,263000255,19700913,140200,LGCNS DEVON BATCH
BATCH-000256,M,100001,7,4,263000256,19700914,140200,LGCNS DEVON BATCH
BATCH-000257,F,100001,7,4,263000257,19700915,140200,LGCNS DEVON BATCH
BATCH-000258,M,100001,7,4,263000258,19700916,140200,LGCNS DEVON BATCH
BATCH-000259,F,100001,7,4,263000259,19700917,140200,LGCNS DEVON BATCH
BATCH-000260,M,100001,7,4,263000260,19700918,140200,LGCNS DEVON BATCH
BATCH-000261,M,100001,7,4,263000261,19700919,140200,LGCNS DEVON BATCH
BATCH-000262,M,100001,7,4,263000262,19700920,140200,LGCNS DEVON BATCH
BATCH-000263,M,100001,7,4,263000263,19700921,140200,LGCNS DEVON BATCH
BATCH-000264,F,100001,7,4,263000264,19700922,140200,LGCNS DEVON BATCH
BATCH-000265,F,100001,7,4,263000265,19700923,140200,LGCNS DEVON BATCH
BATCH-000266,M,100001,7,4,263000266,19700924,140200,LGCNS DEVON BATCH
BATCH-000267,M,100001,7,4,263000267,19700925,140200,LGCNS DEVON BATCH
BATCH-000268,F,100001,7,4,263000268,19700926,140200,LGCNS DEVON BATCH
BATCH-000269,F,100001,7,4,263000269,19700927,140200,LGCNS DEVON BATCH
BATCH-000270,M,100001,7,4,263000270,19700928,140200,LGCNS DEVON BATCH
BATCH-000271,F,100001,7,4,263000271,19700929,140200,LGCNS DEVON BATCH
BATCH-000272,F,100001,7,4,263000272,19700930,140200,LGCNS DEVON BATCH
BATCH-000273,F,100001,7,4,263000273,19701001,140200,LGCNS DEVON BATCH
BATCH-000274,F,100001,7,4,263000274,19701002,140200,LGCNS DEVON BATCH
BATCH-000275,F,100001,7,4,263000275,19701003,140200,LGCNS DEVON BATCH
BATCH-000276,M,100001,7,4,263000276,19701004,140200,LGCNS DEVON BATCH
BATCH-000277,F,100001,7,4,263000277,19701005,140200,LGCNS DEVON BATCH
BATCH-000278,F,100001,7,4,263000278,19701006,140200,LGCNS DEVON BATCH
BATCH-000279,M,100001,7,4,263000279,19701007,140200,LGCNS DEVON BATCH
BATCH-000280,M,100001,7,4,263000280,19701008,140200,LGCNS DEVON BATCH
BATCH-000281,F,100001,7,4,263000281,19701009,140200,LGCNS DEVON BATCH
BATCH-000282,M,100001,7,4,263000282,19701010,140200,LGCNS DEVON BATCH
BATCH-000283,F,100001,7,4,263000283,19701011,140200,LGCNS DEVON BATCH
BATCH-000284,F,100001,7,4,263000284,19701012,140200,LGCNS DEVON BATCH
BATCH-000285,F,100001,7,4,263000285,19701013,140200,LGCNS DEVON BATCH
BATCH-000286,M,100001,7,4,263000286,19701014,140200,LGCNS DEVON BATCH
BATCH-000287,F,100001,7,4,263000287,19701015,140200,LGCNS DEVON BATCH
BATCH-000288,F,100001,7,4,263000288,19701016,140200,LGCNS DEVON BATCH
BATCH-000289,M,100001,7,4,263000289,19701017,140200,LGCNS DEVON BATCH
BATCH-000290,M,100001,7,4,263000290,19701018,140200,LGCNS DEVON BATCH
BATCH-000291,F,100001,7,4,263000291,19701019,140200,LGCNS DEVON BATCH
BATCH-000292,M,100001,7,4,263000292,19701020,140200,LGCNS DEVON BATCH
BATCH-000293,F,100001,7,4,263000293,19701021,140200,LGCNS DEVON BATCH
BATCH-000294,M,100001,7,4,263000294,19701022,140200,LGCNS DEVON BATCH
BATCH-000295,F,100001,7,4,263000295,19701023,140200,LGCNS DEVON BATCH
BATCH-000296,M,100001,7,4,263000296,19701024,140200,LGCNS DEVON BATCH
BATCH-000297,M,100001,7,4,263000297,19701025,140200,LGCNS DEVON BATCH
BATCH-000298,F,100001,7,4,263000298,19701026,140200,LGCNS DEVON BATCH
BATCH-000299,F,100001,7,4,263000299,19701027,140200,LGCNS DEVON BATCH
BATCH-000300,F,100001,7,4,263000300,19701028,140200,LGCNS DEVON BATCH
BATCH-000301,M,100001,7,4,263000301,19701029,140200,LGCNS DEVON BATCH
BATCH-000302,F,100001,7,4,263000302,19701030,140200,LGCNS DEVON BATCH
BATCH-000303,M,100001,7,4,263000303,19701031,140200,LGCNS DEVON BATCH
BATCH-000304,F,100001,7,4,263000304,19701101,140200,LGCNS DEVON BATCH
BATCH-000305,M,100001,7,4,263000305,19701102,140200,LGCNS DEVON BATCH
BATCH-000306,M,100001,7,4,263000306,19701103,140200,LGCNS DEVON BATCH
BATCH-000307,M,100001,7,4,263000307,19701104,140200,LGCNS DEVON BATCH
BATCH-000308,M,100001,7,4,263000308,19701105,140200,LGCNS DEVON BATCH
BATCH-000309,F,100001,7,4,263000309,19701106,140200,LGCNS DEVON BATCH
BATCH-000310,F,100001,7,4,263000310,19701107,140200,LGCNS DEVON BATCH
BATCH-000311,F,100001,7,4,263000311,19701108,140200,LGCNS DEVON BATCH
BATCH-000312,M,100001,7,4,263000312,19701109,140200,LGCNS DEVON BATCH
BATCH-000313,M,100001,7,4,263000313,19701110,140200,LGCNS DEVON BATCH
BATCH-000314,F,100001,7,4,263000314,19701111,140200,LGCNS DEVON BATCH
BATCH-000315,M,100001,7,4,263000315,19701112,140200,LGCNS DEVON BATCH
BATCH-000316,M,100001,7,4,263000316,19701113,140200,LGCNS DEVON BATCH
BATCH-000317,M,100001,7,4,263000317,19701114,140200,LGCNS DEVON BATCH
BATCH-000318,F,100001,7,4,263000318,19701115,140200,LGCNS DEVON BATCH
BATCH-000319,F,100001,7,4,263000319,19701116,140200,LGCNS DEVON BATCH
BATCH-000320,M,100001,7,4,263000320,19701117,140200,LGCNS DEVON BATCH
BATCH-000321,M,100001,7,4,263000321,19701118,140200,LGCNS DEVON BATCH
BATCH-000322,M,100001,7,4,263000322,19701119,140200,LGCNS DEVON BATCH
BATCH-000323,F,100001,7,4,263000323,19701120,140200,LGCNS DEVON BATCH
BATCH-000324,F,100001,7,4,263000324,19701121,140200,LGCNS DEVON BATCH
BATCH-000325,F,100001,7,4,263000325,19701122,140200,LGCNS DEVON BATCH
BATCH-000326,F,100001,7,4,263000326,19701123,140200,LGCNS DEVON BATCH
BATCH-000327,F,100001,7,4,263000327,19701124,140200,LGCNS DEVON BATCH
BATCH-000328,M,100001,7,4,263000328,19701125,140200,LGCNS DEVON BATCH
BATCH-000329,M,100001,7,4,263000329,19701126,140200,LGCNS DEVON BATCH
BATCH-000330,M,100001,7,4,263000330,19701127,140200,LGCNS DEVON BATCH
BATCH-000331,F,100001,7,4,263000331,19701128,140200,LGCNS DEVON BATCH
BATCH-000332,F,100001,7,4,263000332,19701129,140200,LGCNS DEVON BATCH
BATCH-000333,M,100001,7,4,263000333,19701130,140200,LGCNS DEVON BATCH
BATCH-000334,M,100001,7,4,263000334,19701201,140200,LGCNS DEVON BATCH
BATCH-000335,F,100001,7,4,263000335,19701202,140200,LGCNS DEVON BATCH
BATCH-000336,F,100001,7,4,263000336,19701203,140200,LGCNS DEVON BATCH
BATCH-000337,M,100001,7,4,263000337,19701204,140200,LGCNS DEVON BATCH
BATCH-000338,F,100001,7,4,263000338,19701205,140200,LGCNS DEVON BATCH
BATCH-000339,M,100001,7,4,263000339,19701206,140200,LGCNS DEVON BATCH
BATCH-000340,F,100001,7,4,263000340,19701207,140200,LGCNS DEVON BATCH
BATCH-000341,M,100001,7,4,263000341,19701208,140200,LGCNS DEVON BATCH
BATCH-000342,F,100001,7,4,263000342,19701209,140200,LGCNS DEVON BATCH
BATCH-000343,M,100001,7,4,263000343,19701210,140200,LGCNS DEVON BATCH
BATCH-000344,M,100001,7,4,263000344,19701211,140200,LGCNS DEVON BATCH
BATCH-000345,M,100001,7,4,263000345,19701212,140200,LGCNS DEVON BATCH
BATCH-000346,F,100001,7,4,263000346,19701213,140200,LGCNS DEVON BATCH
BATCH-000347,M,100001,7,4,263000347,19701214,140200,LGCNS DEVON BATCH
BATCH-000348,M,100001,7,4,263000348,19701215,140200,LGCNS DEVON BATCH
BATCH-000349,M,100001,7,4,263000349,19701216,140200,LGCNS DEVON BATCH
BATCH-000350,M,100001,7,4,263000350,19701217,140200,LGCNS DEVON BATCH
BATCH-000351,M,100001,7,4,263000351,19701218,140200,LGCNS DEVON BATCH
BATCH-000352,M,100001,7,4,263000352,19701219,140200,LGCNS DEVON BATCH
BATCH-000353,F,100001,7,4,263000353,19701220,140200,LGCNS DEVON BATCH
BATCH-000354,F,100001,7,4,263000354,19701221,140200,LGCNS DEVON BATCH
BATCH-000355,M,100001,7,4,263000355,19701222,140200,LGCNS DEVON BATCH
BATCH-000356,M,100001,7,4,263000356,19701223,140200,LGCNS DEVON BATCH
BATCH-000357,M,100001,7,4,263000357,19701224,140200,LGCNS DEVON BATCH
BATCH-000358,F,100001,7,4,263000358,19701225,140200,LGCNS DEVON BATCH
BATCH-000359,M,100001,7,4,263000359,19701226,140200,LGCNS DEVON BATCH
BATCH-000360,F,100001,7,4,263000360,19701227,140200,LGCNS DEVON BATCH
BATCH-000361,F,100001,7,4,263000361,19701228,140200,LGCNS DEVON BATCH
BATCH-000362,F,100001,7,4,263000362,19701229,140200,LGCNS DEVON BATCH
BATCH-000363,F,100001,7,4,263000363,19701230,140200,LGCNS DEVON BATCH
BATCH-000364,F,100001,7,4,263000364,19701231,140200,LGCNS DEVON BATCH
BATCH-000365,F,100001,7,4,263000365,19710101,140200,LGCNS DEVON BATCH
BATCH-000366,F,100001,7,4,263000366,19710102,140200,LGCNS DEVON BATCH
BATCH-000367,M,100001,7,4,263000367,19710103,140200,LGCNS DEVON BATCH
BATCH-000368,M,100001,7,4,263000368,19710104,140200,LGCNS DEVON BATCH
BATCH-000369,M,100001,7,4,263000369,19710105,140200,LGCNS DEVON BATCH
BATCH-000370,F,100001,7,4,263000370,19710106,140200,LGCNS DEVON BATCH
BATCH-000371,F,100001,7,4,263000371,19710107,140200,LGCNS DEVON BATCH
BATCH-000372,F,100001,7,4,263000372,19710108,140200,LGCNS DEVON BATCH
BATCH-000373,M,100001,7,4,263000373,19710109,140200,LGCNS DEVON BATCH
BATCH-000374,M,100001,7,4,263000374,19710110,140200,LGCNS DEVON BATCH
BATCH-000375,F,100001,7,4,263000375,19710111,140200,LGCNS DEVON BATCH
BATCH-000376,M,100001,7,4,263000376,19710112,140200,LGCNS DEVON BATCH
BATCH-000377,M,100001,7,4,263000377,19710113,140200,LGCNS DEVON BATCH
BATCH-000378,M,100001,7,4,263000378,19710114,140200,LGCNS DEVON BATCH
BATCH-000379,F,100001,7,4,263000379,19710115,140200,LGCNS DEVON BATCH
BATCH-000380,F,100001,7,4,263000380,19710116,140200,LGCNS DEVON BATCH
BATCH-000381,M,100001,7,4,263000381,19710117,140200,LGCNS DEVON BATCH
BATCH-000382,F,100001,7,4,263000382,19710118,140200,LGCNS DEVON BATCH
BATCH-000383,M,100001,7,4,263000383,19710119,140200,LGCNS DEVON BATCH
BATCH-000384,F,100001,7,4,263000384,19710120,140200,LGCNS DEVON BATCH
BATCH-000385,M,100001,7,4,263000385,19710121,140200,LGCNS DEVON BATCH
BATCH-000386,F,100001,7,4,263000386,19710122,140200,LGCNS DEVON BATCH
BATCH-000387,M,100001,7,4,263000387,19710123,140200,LGCNS DEVON BATCH
BATCH-000388,M,100001,7,4,263000388,19710124,140200,LGCNS DEVON BATCH
BATCH-000389,M,100001,7,4,263000389,19710125,140200,LGCNS DEVON BATCH
BATCH-000390,M,100001,7,4,263000390,19710126,140200,LGCNS DEVON BATCH
BATCH-000391,F,100001,7,4,263000391,19710127,140200,LGCNS DEVON BATCH
BATCH-000392,M,100001,7,4,263000392,19710128,140200,LGCNS DEVON BATCH
BATCH-000393,F,100001,7,4,263000393,19710129,140200,LGCNS DEVON BATCH
BATCH-000394,F,100001,7,4,263000394,19710130,140200,LGCNS DEVON BATCH
BATCH-000395,M,100001,7,4,263000395,19710131,140200,LGCNS DEVON BATCH
BATCH-000396,F,100001,7,4,263000396,19710201,140200,LGCNS DEVON BATCH
BATCH-000397,F,100001,7,4,263000397,19710202,140200,LGCNS DEVON BATCH
BATCH-000398,F,100001,7,4,263000398,19710203,140200,LGCNS DEVON BATCH
BATCH-000399,F,100001,7,4,263000399,19710204,140200,LGCNS DEVON BATCH
BATCH-000400,M,100001,7,4,263000400,19710205,140200,LGCNS DEVON BATCH
BATCH-000401,F,100001,7,4,263000401,19710206,140200,LGCNS DEVON BATCH
BATCH-000402,F,100001,7,4,263000402,19710207,140200,LGCNS DEVON BATCH
BATCH-000403,M,100001,7,4,263000403,19710208,140200,LGCNS DEVON BATCH
BATCH-000404,F,100001,7,4,263000404,19710209,140200,LGCNS DEVON BATCH
BATCH-000405,F,100001,7,4,263000405,19710210,140200,LGCNS DEVON BATCH
BATCH-000406,M,100001,7,4,263000406,19710211,140200,LGCNS DEVON BATCH
BATCH-000407,M,100001,7,4,263000407,19710212,140200,LGCNS DEVON BATCH
BATCH-000408,M,100001,7,4,263000408,19710213,140200,LGCNS DEVON BATCH
BATCH-000409,M,100001,7,4,263000409,19710214,140200,LGCNS DEVON BATCH
BATCH-000410,M,100001,7,4,263000410,19710215,140200,LGCNS DEVON BATCH
BATCH-000411,M,100001,7,4,263000411,19710216,140200,LGCNS DEVON BATCH
BATCH-000412,M,100001,7,4,263000412,19710217,140200,LGCNS DEVON BATCH
BATCH-000413,M,100001,7,4,263000413,19710218,140200,LGCNS DEVON BATCH
BATCH-000414,F,100001,7,4,263000414,19710219,140200,LGCNS DEVON BATCH
BATCH-000415,F,100001,7,4,263000415,19710220,140200,LGCNS DEVON BATCH
BATCH-000416,M,100001,7,4,263000416,19710221,140200,LGCNS DEVON BATCH
BATCH-000417,M,100001,7,4,263000417,19710222,140200,LGCNS DEVON BATCH
BATCH-000418,F,100001,7,4,263000418,19710223,140200,LGCNS DEVON BATCH
BATCH-000419,F,100001,7,4,263000419,19710224,140200,LGCNS DEVON BATCH
BATCH-000420,F,100001,7,4,263000420,19710225,140200,LGCNS DEVON BATCH
BATCH-000421,M,100001,7,4,263000421,19710226,140200,LGCNS DEVON BATCH
BATCH-000422,M,100001,7,4,263000422,19710227,140200,LGCNS DEVON BATCH
BATCH-000423,M,100001,7,4,263000423,19710228,140200,LGCNS DEVON BATCH
BATCH-000424,M,100001,7,4,263000424,19710301,140200,LGCNS DEVON BATCH
BATCH-000425,M,100001,7,4,263000425,19710302,140200,LGCNS DEVON BATCH
BATCH-000426,F,100001,7,4,263000426,19710303,140200,LGCNS DEVON BATCH
BATCH-000427,F,100001,7,4,263000427,19710304,140200,LGCNS DEVON BATCH
BATCH-000428,M,100001,7,4,263000428,19710305,140200,LGCNS DEVON BATCH
BATCH-000429,F,100001,7,4,263000429,19710306,140200,LGCNS DEVON BATCH
BATCH-000430,F,100001,7,4,263000430,19710307,140200,LGCNS DEVON BATCH
BATCH-000431,F,100001,7,4,263000431,19710308,140200,LGCNS DEVON BATCH
BATCH-000432,F,100001,7,4,263000432,19710309,140200,LGCNS DEVON BATCH
BATCH-000433,M,100001,7,4,263000433,19710310,140200,LGCNS DEVON BATCH
BATCH-000434,M,100001,7,4,263000434,19710311,140200,LGCNS DEVON BATCH
BATCH-000435,M,100001,7,4,263000435,19710312,140200,LGCNS DEVON BATCH
BATCH-000436,F,100001,7,4,263000436,19710313,140200,LGCNS DEVON BATCH
BATCH-000437,F,100001,7,4,263000437,19710314,140200,LGCNS DEVON BATCH
BATCH-000438,F,100001,7,4,263000438,19710315,140200,LGCNS DEVON BATCH
BATCH-000439,M,100001,7,4,263000439,19710316,140200,LGCNS DEVON BATCH
BATCH-000440,M,100001,7,4,263000440,19710317,140200,LGCNS DEVON BATCH
BATCH-000441,M,100001,7,4,263000441,19710318,140200,LGCNS DEVON BATCH
BATCH-000442,F,100001,7,4,263000442,19710319,140200,LGCNS DEVON BATCH
BATCH-000443,F,100001,7,4,263000443,19710320,140200,LGCNS DEVON BATCH
BATCH-000444,M,100001,7,4,263000444,19710321,140200,LGCNS DEVON BATCH
BATCH-000445,F,100001,7,4,263000445,19710322,140200,LGCNS DEVON BATCH
BATCH-000446,M,100001,7,4,263000446,19710323,140200,LGCNS DEVON BATCH
BATCH-000447,F,100001,7,4,263000447,19710324,140200,LGCNS DEVON BATCH
BATCH-000448,M,100001,7,4,263000448,19710325,140200,LGCNS DEVON BATCH
BATCH-000449,F,100001,7,4,263000449,19710326,140200,LGCNS DEVON BATCH
BATCH-000450,F,100001,7,4,263000450,19710327,140200,LGCNS DEVON BATCH
BATCH-000451,F,100001,7,4,263000451,19710328,140200,LGCNS DEVON BATCH
BATCH-000452,F,100001,7,4,263000452,19710329,140200,LGCNS DEVON BATCH
BATCH-000453,M,100001,7,4,263000453,19710330,140200,LGCNS DEVON BATCH
BATCH-000454,M,100001,7,4,263000454,19710331,140200,LGCNS DEVON BATCH
BATCH-000455,M,100001,7,4,263000455,19710401,140200,LGCNS DEVON BATCH
BATCH-000456,M,100001,7,4,263000456,19710402,140200,LGCNS DEVON BATCH
BATCH-000457,M,100001,7,4,263000457,19710403,140200,LGCNS DEVON BATCH
BATCH-000458,M,100001,7,4,263000458,19710404,140200,LGCNS DEVON BATCH
BATCH-000459,M,100001,7,4,263000459,19710405,140200,LGCNS DEVON BATCH
BATCH-000460,M,100001,7,4,263000460,19710406,140200,LGCNS DEVON BATCH
BATCH-000461,M,100001,7,4,263000461,19710407,140200,LGCNS DEVON BATCH
BATCH-000462,F,100001,7,4,263000462,19710408,140200,LGCNS DEVON BATCH
BATCH-000463,F,100001,7,4,263000463,19710409,140200,LGCNS DEVON BATCH
BATCH-000464,F,100001,7,4,263000464,19710410,140200,LGCNS DEVON BATCH
BATCH-000465,F,100001,7,4,263000465,19710411,140200,LGCNS DEVON BATCH
BATCH-000466,F,100001,7,4,263000466,19710412,140200,LGCNS DEVON BATCH
BATCH-000467,M,100001,7,4,263000467,19710413,140200,LGCNS DEVON BATCH
BATCH-000468,M,100001,7,4,263000468,19710414,140200,LGCNS DEVON BATCH
BATCH-000469,F,100001,7,4,263000469,19710415,140200,LGCNS DEVON BATCH
BATCH-000470,F,100001,7,4,263000470,19710416,140200,LGCNS DEVON BATCH
BATCH-000471,F,100001,7,4,263000471,19710417,140200,LGCNS DEVON BATCH
BATCH-000472,M,100001,7,4,263000472,19710418,140200,LGCNS DEVON BATCH
BATCH-000473,F,100001,7,4,263000473,19710419,140200,LGCNS DEVON BATCH
BATCH-000474,M,100001,7,4,263000474,19710420,140200,LGCNS DEVON BATCH
BATCH-000475,M,100001,7,4,263000475,19710421,140200,LGCNS DEVON BATCH
BATCH-000476,M,100001,7,4,263000476,19710422,140200,LGCNS DEVON BATCH
BATCH-000477,F,100001,7,4,263000477,19710423,140200,LGCNS DEVON BATCH
BATCH-000478,M,100001,7,4,263000478,19710424,140200,LGCNS DEVON BATCH
BATCH-000479,M,100001,7,4,263000479,19710425,140200,LGCNS DEVON BATCH
BATCH-000480,F,100001,7,4,263000480,19710426,140200,LGCNS DEVON BATCH
BATCH-000481,M,100001,7,4,263000481,19710427,140200,LGCNS DEVON BATCH
BATCH-000482,F,100001,7,4,263000482,19710428,140200,LGCNS DEVON BATCH
BATCH-000483,F,100001,7,4,263000483,19710429,140200,LGCNS DEVON BATCH
BATCH-000484,F,100001,7,4,263000484,19710430,140200,LGCNS DEVON BATCH
BATCH-000485,M,100001,7,4,263000485,19710501,140200,LGCNS DEVON BATCH
BATCH-000486,F,100001,7,4,263000486,19710502,140200,LGCNS DEVON BATCH
BATCH-000487,F,100001,7,4,263000487,19710503,140200,LGCNS DEVON BATCH
BATCH-000488,M,100001,7,4,263000488,19710504,140200,LGCNS DEVON BATCH
BATCH-000489,F,100001,7,4,263000489,19710505,140200,LGCNS DEVON BATCH
BATCH-000490,M,100001,7,4,263000490,19710506,140200,LGCNS DEVON BATCH
BATCH-000491,M,100001,7,4,263000491,19710507,140200,LGCNS DEVON BATCH
BATCH-000492,F,100001,7,4,263000492,19710508,140200,LGCNS DEVON BATCH
BATCH-000493,M,100001,7,4,263000493,19710509,140200,LGCNS DEVON BATCH
BATCH-000494,M,100001,7,4,263000494,19710510,140200,LGCNS DEVON BATCH
BATCH-000495,M,100001,7,4,263000495,19710511,140200,LGCNS DEVON BATCH
BATCH-000496,F,100001,7,4,263000496,19710512,140200,LGCNS DEVON BATCH
BATCH-000497,M,100001,7,4,263000497,19710513,140200,LGCNS DEVON BATCH
BATCH-000498,F,100001,7,4,263000498,19710514,140200,LGCNS DEVON BATCH
BATCH-000499,F,100001,7,4,263000499,19710515,140200,LGCNS DEVON BATCH
BATCH-000500,F,100001,7,4,263000500,19710516,140200,LGCNS DEVON BATCH
BATCH-000501,M,100001,7,4,263000501,19710517,140200,LGCNS DEVON BATCH
BATCH-000502,M,100001,7,4,263000502,19710518,140200,LGCNS DEVON BATCH
BATCH-000503,M,100001,7,4,263000503,19710519,140200,LGCNS DEVON BATCH
BATCH-000504,F,100001,7,4,263000504,19710520,140200,LGCNS DEVON BATCH
BATCH-000505,M,100001,7,4,263000505,19710521,140200,LGCNS DEVON BATCH
BATCH-000506,F,100001,7,4,263000506,19710522,140200,LGCNS DEVON BATCH
BATCH-000507,F,100001,7,4,263000507,19710523,140200,LGCNS DEVON BATCH
BATCH-000508,F,100001,7,4,263000508,19710524,140200,LGCNS DEVON BATCH
BATCH-000509,M,100001,7,4,263000509,19710525,140200,LGCNS DEVON BATCH
BATCH-000510,F,100001,7,4,263000510,19710526,140200,LGCNS DEVON BATCH
BATCH-000511,M,100001,7,4,263000511,19710527,140200,LGCNS DEVON BATCH
BATCH-000512,F,100001,7,4,263000512,19710528,140200,LGCNS DEVON BATCH
BATCH-000513,M,100001,7,4,263000513,19710529,140200,LGCNS DEVON BATCH
BATCH-000514,M,100001,7,4,263000514,19710530,140200,LGCNS DEVON BATCH
BATCH-000515,F,100001,7,4,263000515,19710531,140200,LGCNS DEVON BATCH
BATCH-000516,F,100001,7,4,263000516,19710601,140200,LGCNS DEVON BATCH
BATCH-000517,F,100001,7,4,263000517,19710602,140200,LGCNS DEVON BATCH
BATCH-000518,F,100001,7,4,263000518,19710603,140200,LGCNS DEVON BATCH
BATCH-000519,M,100001,7,4,263000519,19710604,140200,LGCNS DEVON BATCH
BATCH-000520,M,100001,7,4,263000520,19710605,140200,LGCNS DEVON BATCH
BATCH-000521,F,100001,7,4,263000521,19710606,140200,LGCNS DEVON BATCH
BATCH-000522,F,100001,7,4,263000522,19710607,140200,LGCNS DEVON BATCH
BATCH-000523,F,100001,7,4,263000523,19710608,140200,LGCNS DEVON BATCH
BATCH-000524,M,100001,7,4,263000524,19710609,140200,LGCNS DEVON BATCH
BATCH-000525,M,100001,7,4,263000525,19710610,140200,LGCNS DEVON BATCH
BATCH-000526,F,100001,7,4,263000526,19710611,140200,LGCNS DEVON BATCH
BATCH-000527,F,100001,7,4,263000527,19710612,140200,LGCNS DEVON BATCH
BATCH-000528,F,100001,7,4,263000528,19710613,140200,LGCNS DEVON BATCH
BATCH-000529,F,100001,7,4,263000529,19710614,140200,LGCNS DEVON BATCH
BATCH-000530,F,100001,7,4,263000530,19710615,140200,LGCNS DEVON BATCH
BATCH-000531,M,100001,7,4,263000531,19710616,140200,LGCNS DEVON BATCH
BATCH-000532,M,100001,7,4,263000532,19710617,140200,LGCNS DEVON BATCH
BATCH-000533,F,100001,7,4,263000533,19710618,140200,LGCNS DEVON BATCH
BATCH-000534,M,100001,7,4,263000534,19710619,140200,LGCNS DEVON BATCH
BATCH-000535,M,100001,7,4,263000535,19710620,140200,LGCNS DEVON BATCH
BATCH-000536,M,100001,7,4,263000536,19710621,140200,LGCNS DEVON BATCH
BATCH-000537,M,100001,7,4,263000537,19710622,140200,LGCNS DEVON BATCH
BATCH-000538,F,100001,7,4,263000538,19710623,140200,LGCNS DEVON BATCH
BATCH-000539,F,100001,7,4,263000539,19710624,140200,LGCNS DEVON BATCH
BATCH-000540,M,100001,7,4,263000540,19710625,140200,LGCNS DEVON BATCH
BATCH-000541,F,100001,7,4,263000541,19710626,140200,LGCNS DEVON BATCH
BATCH-000542,F,100001,7,4,263000542,19710627,140200,LGCNS DEVON BATCH
BATCH-000543,F,100001,7,4,263000543,19710628,140200,LGCNS DEVON BATCH
BATCH-000544,M,100001,7,4,263000544,19710629,140200,LGCNS DEVON BATCH
BATCH-000545,M,100001,7,4,263000545,19710630,140200,LGCNS DEVON BATCH
BATCH-000546,M,100001,7,4,263000546,19710701,140200,LGCNS DEVON BATCH
BATCH-000547,F,100001,7,4,263000547,19710702,140200,LGCNS DEVON BATCH
BATCH-000548,M,100001,7,4,263000548,19710703,140200,LGCNS DEVON BATCH
BATCH-000549,F,100001,7,4,263000549,19710704,140200,LGCNS DEVON BATCH
BATCH-000550,F,100001,7,4,263000550,19710705,140200,LGCNS DEVON BATCH
BATCH-000551,M,100001,7,4,263000551,19710706,140200,LGCNS DEVON BATCH
BATCH-000552,M,100001,7,4,263000552,19710707,140200,LGCNS DEVON BATCH
BATCH-000553,M,100001,7,4,263000553,19710708,140200,LGCNS DEVON BATCH
BATCH-000554,F,100001,7,4,263000554,19710709,140200,LGCNS DEVON BATCH
BATCH-000555,M,100001,7,4,263000555,19710710,140200,LGCNS DEVON BATCH
BATCH-000556,M,100001,7,4,263000556,19710711,140200,LGCNS DEVON BATCH
BATCH-000557,M,100001,7,4,263000557,19710712,140200,LGCNS DEVON BATCH
BATCH-000558,F,100001,7,4,263000558,19710713,140200,LGCNS DEVON BATCH
BATCH-000559,F,100001,7,4,263000559,19710714,140200,LGCNS DEVON BATCH
BATCH-000560,M,100001,7,4,263000560,19710715,140200,LGCNS DEVON BATCH
BATCH-000561,F,100001,7,4,263000561,19710716,140200,LGCNS DEVON BATCH
BATCH-000562,F,100001,7,4,263000562,19710717,140200,LGCNS DEVON BATCH
BATCH-000563,M,100001,7,4,263000563,19710718,140200,LGCNS DEVON BATCH
BATCH-000564,F,100001,7,4,263000564,19710719,140200,LGCNS DEVON BATCH
BATCH-000565,M,100001,7,4,263000565,19710720,140200,LGCNS DEVON BATCH
BATCH-000566,M,100001,7,4,263000566,19710721,140200,LGCNS DEVON BATCH
BATCH-000567,M,100001,7,4,263000567,19710722,140200,LGCNS DEVON BATCH
BATCH-000568,M,100001,7,4,263000568,19710723,140200,LGCNS DEVON BATCH
BATCH-000569,F,100001,7,4,263000569,19710724,140200,LGCNS DEVON BATCH
BATCH-000570,F,100001,7,4,263000570,19710725,140200,LGCNS DEVON BATCH
BATCH-000571,M,100001,7,4,263000571,19710726,140200,LGCNS DEVON BATCH
BATCH-000572,F,100001,7,4,263000572,19710727,140200,LGCNS DEVON BATCH
BATCH-000573,M,100001,7,4,263000573,19710728,140200,LGCNS DEVON BATCH
BATCH-000574,F,100001,7,4,263000574,19710729,140200,LGCNS DEVON BATCH
BATCH-000575,M,100001,7,4,263000575,19710730,140200,LGCNS DEVON BATCH
BATCH-000576,M,100001,7,4,263000576,19710731,140200,LGCNS DEVON BATCH
BATCH-000577,F,100001,7,4,263000577,19710801,140200,LGCNS DEVON BATCH
BATCH-000578,F,100001,7,4,263000578,19710802,140200,LGCNS DEVON BATCH
BATCH-000579,M,100001,7,4,263000579,19710803,140200,LGCNS DEVON BATCH
BATCH-000580,F,100001,7,4,263000580,19710804,140200,LGCNS DEVON BATCH
BATCH-000581,F,100001,7,4,263000581,19710805,140200,LGCNS DEVON BATCH
BATCH-000582,F,100001,7,4,263000582,19710806,140200,LGCNS DEVON BATCH
BATCH-000583,M,100001,7,4,263000583,19710807,140200,LGCNS DEVON BATCH
BATCH-000584,M,100001,7,4,263000584,19710808,140200,LGCNS DEVON BATCH
BATCH-000585,M,100001,7,4,263000585,19710809,140200,LGCNS DEVON BATCH
BATCH-000586,F,100001,7,4,263000586,19710810,140200,LGCNS DEVON BATCH
BATCH-000587,M,100001,7,4,263000587,19710811,140200,LGCNS DEVON BATCH
BATCH-000588,M,100001,7,4,263000588,19710812,140200,LGCNS DEVON BATCH
BATCH-000589,M,100001,7,4,263000589,19710813,140200,LGCNS DEVON BATCH
BATCH-000590,M,100001,7,4,263000590,19710814,140200,LGCNS DEVON BATCH
BATCH-000591,F,100001,7,4,263000591,19710815,140200,LGCNS DEVON BATCH
BATCH-000592,M,100001,7,4,263000592,19710816,140200,LGCNS DEVON BATCH
BATCH-000593,F,100001,7,4,263000593,19710817,140200,LGCNS DEVON BATCH
BATCH-000594,M,100001,7,4,263000594,19710818,140200,LGCNS DEVON BATCH
BATCH-000595,M,100001,7,4,263000595,19710819,140200,LGCNS DEVON BATCH
BATCH-000596,F,100001,7,4,263000596,19710820,140200,LGCNS DEVON BATCH
BATCH-000597,M,100001,7,4,263000597,19710821,140200,LGCNS DEVON BATCH
BATCH-000598,M,100001,7,4,263000598,19710822,140200,LGCNS DEVON BATCH
BATCH-000599,F,100001,7,4,263000599,19710823,140200,LGCNS DEVON BATCH
BATCH-000600,F,100001,7,4,263000600,19710824,140200,LGCNS DEVON BATCH
BATCH-000601,M,100001,7,4,263000601,19710825,140200,LGCNS DEVON BATCH
BATCH-000602,M,100001,7,4,263000602,19710826,140200,LGCNS DEVON BATCH
BATCH-000603,F,100001,7,4,263000603,19710827,140200,LGCNS DEVON BATCH
BATCH-000604,M,100001,7,4,263000604,19710828,140200,LGCNS DEVON BATCH
BATCH-000605,F,100001,7,4,263000605,19710829,140200,LGCNS DEVON BATCH
BATCH-000606,F,100001,7,4,263000606,19710830,140200,LGCNS DEVON BATCH
BATCH-000607,M,100001,7,4,263000607,19710831,140200,LGCNS DEVON BATCH
BATCH-000608,F,100001,7,4,263000608,19710901,140200,LGCNS DEVON BATCH
BATCH-000609,M,100001,7,4,263000609,19710902,140200,LGCNS DEVON BATCH
BATCH-000610,F,100001,7,4,263000610,19710903,140200,LGCNS DEVON BATCH
BATCH-000611,F,100001,7,4,263000611,19710904,140200,LGCNS DEVON BATCH
BATCH-000612,M,100001,7,4,263000612,19710905,140200,LGCNS DEVON BATCH
BATCH-000613,M,100001,7,4,263000613,19710906,140200,LGCNS DEVON BATCH
BATCH-000614,F,100001,7,4,263000614,19710907,140200,LGCNS DEVON BATCH
BATCH-000615,M,100001,7,4,263000615,19710908,140200,LGCNS DEVON BATCH
BATCH-000616,M,100001,7,4,263000616,19710909,140200,LGCNS DEVON BATCH
BATCH-000617,F,100001,7,4,263000617,19710910,140200,LGCNS DEVON BATCH
BATCH-000618,F,100001,7,4,263000618,19710911,140200,LGCNS DEVON BATCH
BATCH-000619,F,100001,7,4,263000619,19710912,140200,LGCNS DEVON BATCH
BATCH-000620,F,100001,7,4,263000620,19710913,140200,LGCNS DEVON BATCH
BATCH-000621,M,100001,7,4,263000621,19710914,140200,LGCNS DEVON BATCH
BATCH-000622,F,100001,7,4,263000622,19710915,140200,LGCNS DEVON BATCH
BATCH-000623,M,100001,7,4,263000623,19710916,140200,LGCNS DEVON BATCH
BATCH-000624,F,100001,7,4,263000624,19710917,140200,LGCNS DEVON BATCH
BATCH-000625,F,100001,7,4,263000625,19710918,140200,LGCNS DEVON BATCH
BATCH-000626,F,100001,7,4,263000626,19710919,140200,LGCNS DEVON BATCH
BATCH-000627,F,100001,7,4,263000627,19710920,140200,LGCNS DEVON BATCH
BATCH-000628,F,100001,7,4,263000628,19710921,140200,LGCNS DEVON BATCH
BATCH-000629,F,100001,7,4,263000629,19710922,140200,LGCNS DEVON BATCH
BATCH-000630,F,100001,7,4,263000630,19710923,140200,LGCNS DEVON BATCH
BATCH-000631,F,100001,7,4,263000631,19710924,140200,LGCNS DEVON BATCH
BATCH-000632,F,100001,7,4,263000632,19710925,140200,LGCNS DEVON BATCH
BATCH-000633,M,100001,7,4,263000633,19710926,140200,LGCNS DEVON BATCH
BATCH-000634,F,100001,7,4,263000634,19710927,140200,LGCNS DEVON BATCH
BATCH-000635,M,100001,7,4,263000635,19710928,140200,LGCNS DEVON BATCH
BATCH-000636,F,100001,7,4,263000636,19710929,140200,LGCNS DEVON BATCH
BATCH-000637,M,100001,7,4,263000637,19710930,140200,LGCNS DEVON BATCH
BATCH-000638,F,100001,7,4,263000638,19711001,140200,LGCNS DEVON BATCH
BATCH-000639,F,100001,7,4,263000639,19711002,140200,LGCNS DEVON BATCH
BATCH-000640,M,100001,7,4,263000640,19711003,140200,LGCNS DEVON BATCH
BATCH-000641,F,100001,7,4,263000641,19711004,140200,LGCNS DEVON BATCH
BATCH-000642,M,100001,7,4,263000642,19711005,140200,LGCNS DEVON BATCH
BATCH-000643,F,100001,7,4,263000643,19711006,140200,LGCNS DEVON BATCH
BATCH-000644,F,100001,7,4,263000644,19711007,140200,LGCNS DEVON BATCH
BATCH-000645,F,100001,7,4,263000645,19711008,140200,LGCNS DEVON BATCH
BATCH-000646,M,100001,7,4,263000646,19711009,140200,LGCNS DEVON BATCH
BATCH-000647,F,100001,7,4,263000647,19711010,140200,LGCNS DEVON BATCH
BATCH-000648,M,100001,7,4,263000648,19711011,140200,LGCNS DEVON BATCH
BATCH-000649,F,100001,7,4,263000649,19711012,140200,LGCNS DEVON BATCH
BATCH-000650,F,100001,7,4,263000650,19711013,140200,LGCNS DEVON BATCH
BATCH-000651,F,100001,7,4,263000651,19711014,140200,LGCNS DEVON BATCH
BATCH-000652,F,100001,7,4,263000652,19711015,140200,LGCNS DEVON BATCH
BATCH-000653,F,100001,7,4,263000653,19711016,140200,LGCNS DEVON BATCH
BATCH-000654,M,100001,7,4,263000654,19711017,140200,LGCNS DEVON BATCH
BATCH-000655,F,100001,7,4,263000655,19711018,140200,LGCNS DEVON BATCH
BATCH-000656,F,100001,7,4,263000656,19711019,140200,LGCNS DEVON BATCH
BATCH-000657,F,100001,7,4,263000657,19711020,140200,LGCNS DEVON BATCH
BATCH-000658,M,100001,7,4,263000658,19711021,140200,LGCNS DEVON BATCH
BATCH-000659,F,100001,7,4,263000659,19711022,140200,LGCNS DEVON BATCH
BATCH-000660,M,100001,7,4,263000660,19711023,140200,LGCNS DEVON BATCH
BATCH-000661,F,100001,7,4,263000661,19711024,140200,LGCNS DEVON BATCH
BATCH-000662,F,100001,7,4,263000662,19711025,140200,LGCNS DEVON BATCH
BATCH-000663,M,100001,7,4,263000663,19711026,140200,LGCNS DEVON BATCH
BATCH-000664,M,100001,7,4,263000664,19711027,140200,LGCNS DEVON BATCH
BATCH-000665,F,100001,7,4,263000665,19711028,140200,LGCNS DEVON BATCH
BATCH-000666,M,100001,7,4,263000666,19711029,140200,LGCNS DEVON BATCH
BATCH-000667,M,100001,7,4,263000667,19711030,140200,LGCNS DEVON BATCH
BATCH-000668,F,100001,7,4,263000668,19711031,140200,LGCNS DEVON BATCH
BATCH-000669,M,100001,7,4,263000669,19711101,140200,LGCNS DEVON BATCH
BATCH-000670,F,100001,7,4,263000670,19711102,140200,LGCNS DEVON BATCH
BATCH-000671,M,100001,7,4,263000671,19711103,140200,LGCNS DEVON BATCH
BATCH-000672,M,100001,7,4,263000672,19711104,140200,LGCNS DEVON BATCH
BATCH-000673,M,100001,7,4,263000673,19711105,140200,LGCNS DEVON BATCH
BATCH-000674,M,100001,7,4,263000674,19711106,140200,LGCNS DEVON BATCH
BATCH-000675,F,100001,7,4,263000675,19711107,140200,LGCNS DEVON BATCH
BATCH-000676,F,100001,7,4,263000676,19711108,140200,LGCNS DEVON BATCH
BATCH-000677,F,100001,7,4,263000677,19711109,140200,LGCNS DEVON BATCH
BATCH-000678,F,100001,7,4,263000678,19711110,140200,LGCNS DEVON BATCH
BATCH-000679,F,100001,7,4,263000679,19711111,140200,LGCNS DEVON BATCH
BATCH-000680,M,100001,7,4,263000680,19711112,140200,LGCNS DEVON BATCH
BATCH-000681,M,100001,7,4,263000681,19711113,140200,LGCNS DEVON BATCH
BATCH-000682,M,100001,7,4,263000682,19711114,140200,LGCNS DEVON BATCH
BATCH-000683,M,100001,7,4,263000683,19711115,140200,LGCNS DEVON BATCH
BATCH-000684,M,100001,7,4,263000684,19711116,140200,LGCNS DEVON BATCH
BATCH-000685,M,100001,7,4,263000685,19711117,140200,LGCNS DEVON BATCH
BATCH-000686,F,100001,7,4,263000686,19711118,140200,LGCNS DEVON BATCH
BATCH-000687,F,100001,7,4,263000687,19711119,140200,LGCNS DEVON BATCH
BATCH-000688,F,100001,7,4,263000688,19711120,140200,LGCNS DEVON BATCH
BATCH-000689,M,100001,7,4,263000689,19711121,140200,LGCNS DEVON BATCH
BATCH-000690,M,100001,7,4,263000690,19711122,140200,LGCNS DEVON BATCH
BATCH-000691,F,100001,7,4,263000691,19711123,140200,LGCNS DEVON BATCH
BATCH-000692,F,100001,7,4,263000692,19711124,140200,LGCNS DEVON BATCH
BATCH-000693,F,100001,7,4,263000693,19711125,140200,LGCNS DEVON BATCH
BATCH-000694,M,100001,7,4,263000694,19711126,140200,LGCNS DEVON BATCH
BATCH-000695,F,100001,7,4,263000695,19711127,140200,LGCNS DEVON BATCH
BATCH-000696,M,100001,7,4,263000696,19711128,140200,LGCNS DEVON BATCH
BATCH-000697,F,100001,7,4,263000697,19711129,140200,LGCNS DEVON BATCH
BATCH-000698,M,100001,7,4,263000698,19711130,140200,LGCNS DEVON BATCH
BATCH-000699,F,100001,7,4,263000699,19711201,140200,LGCNS DEVON BATCH
BATCH-000700,M,100001,7,4,263000700,19711202,140200,LGCNS DEVON BATCH
BATCH-000701,F,100001,7,4,263000701,19711203,140200,LGCNS DEVON BATCH
BATCH-000702,F,100001,7,4,263000702,19711204,140200,LGCNS DEVON BATCH
BATCH-000703,F,100001,7,4,263000703,19711205,140200,LGCNS DEVON BATCH
BATCH-000704,M,100001,7,4,263000704,19711206,140200,LGCNS DEVON BATCH
BATCH-000705,F,100001,7,4,263000705,19711207,140200,LGCNS DEVON BATCH
BATCH-000706,F,100001,7,4,263000706,19711208,140200,LGCNS DEVON BATCH
BATCH-000707,M,100001,7,4,263000707,19711209,140200,LGCNS DEVON BATCH
BATCH-000708,F,100001,7,4,263000708,19711210,140200,LGCNS DEVON BATCH
BATCH-000709,F,100001,7,4,263000709,19711211,140200,LGCNS DEVON BATCH
BATCH-000710,F,100001,7,4,263000710,19711212,140200,LGCNS DEVON BATCH
BATCH-000711,M,100001,7,4,263000711,19711213,140200,LGCNS DEVON BATCH
BATCH-000712,M,100001,7,4,263000712,19711214,140200,LGCNS DEVON BATCH
BATCH-000713,F,100001,7,4,263000713,19711215,140200,LGCNS DEVON BATCH
BATCH-000714,F,100001,7,4,263000714,19711216,140200,LGCNS DEVON BATCH
BATCH-000715,F,100001,7,4,263000715,19711217,140200,LGCNS DEVON BATCH
BATCH-000716,M,100001,7,4,263000716,19711218,140200,LGCNS DEVON BATCH
BATCH-000717,M,100001,7,4,263000717,19711219,140200,LGCNS DEVON BATCH
BATCH-000718,M,100001,7,4,263000718,19711220,140200,LGCNS DEVON BATCH
BATCH-000719,M,100001,7,4,263000719,19711221,140200,LGCNS DEVON BATCH
BATCH-000720,F,100001,7,4,263000720,19711222,140200,LGCNS DEVON BATCH
BATCH-000721,F,100001,7,4,263000721,19711223,140200,LGCNS DEVON BATCH
BATCH-000722,F,100001,7,4,263000722,19711224,140200,LGCNS DEVON BATCH
BATCH-000723,F,100001,7,4,263000723,19711225,140200,LGCNS DEVON BATCH
BATCH-000724,M,100001,7,4,263000724,19711226,140200,LGCNS DEVON BATCH
BATCH-000725,F,100001,7,4,263000725,19711227,140200,LGCNS DEVON BATCH
BATCH-000726,F,100001,7,4,263000726,19711228,140200,LGCNS DEVON BATCH
BATCH-000727,M,100001,7,4,263000727,19711229,140200,LGCNS DEVON BATCH
BATCH-000728,M,100001,7,4,263000728,19711230,140200,LGCNS DEVON BATCH
BATCH-000729,M,100001,7,4,263000729,19711231,140200,LGCNS DEVON BATCH
BATCH-000730,F,100001,7,4,263000730,19720101,140200,LGCNS DEVON BATCH
BATCH-000731,M,100001,7,4,263000731,19720102,140200,LGCNS DEVON BATCH
BATCH-000732,F,100001,7,4,263000732,19720103,140200,LGCNS DEVON BATCH
BATCH-000733,F,100001,7,4,263000733,19720104,140200,LGCNS DEVON BATCH
BATCH-000734,F,100001,7,4,263000734,19720105,140200,LGCNS DEVON BATCH
BATCH-000735,F,100001,7,4,263000735,19720106,140200,LGCNS DEVON BATCH
BATCH-000736,M,100001,7,4,263000736,19720107,140200,LGCNS DEVON BATCH
BATCH-000737,F,100001,7,4,263000737,19720108,140200,LGCNS DEVON BATCH
BATCH-000738,M,100001,7,4,263000738,19720109,140200,LGCNS DEVON BATCH
BATCH-000739,F,100001,7,4,263000739,19720110,140200,LGCNS DEVON BATCH
BATCH-000740,F,100001,7,4,263000740,19720111,140200,LGCNS DEVON BATCH
BATCH-000741,F,100001,7,4,263000741,19720112,140200,LGCNS DEVON BATCH
BATCH-000742,F,100001,7,4,263000742,19720113,140200,LGCNS DEVON BATCH
BATCH-000743,F,100001,7,4,263000743,19720114,140200,LGCNS DEVON BATCH
BATCH-000744,F,100001,7,4,263000744,19720115,140200,LGCNS DEVON BATCH
BATCH-000745,F,100001,7,4,263000745,19720116,140200,LGCNS DEVON BATCH
BATCH-000746,F,100001,7,4,263000746,19720117,140200,LGCNS DEVON BATCH
BATCH-000747,M,100001,7,4,263000747,19720118,140200,LGCNS DEVON BATCH
BATCH-000748,M,100001,7,4,263000748,19720119,140200,LGCNS DEVON BATCH
BATCH-000749,F,100001,7,4,263000749,19720120,140200,LGCNS DEVON BATCH
BATCH-000750,M,100001,7,4,263000750,19720121,140200,LGCNS DEVON BATCH
BATCH-000751,F,100001,7,4,263000751,19720122,140200,LGCNS DEVON BATCH
BATCH-000752,M,100001,7,4,263000752,19720123,140200,LGCNS DEVON BATCH
BATCH-000753,M,100001,7,4,263000753,19720124,140200,LGCNS DEVON BATCH
BATCH-000754,F,100001,7,4,263000754,19720125,140200,LGCNS DEVON BATCH
BATCH-000755,M,100001,7,4,263000755,19720126,140200,LGCNS DEVON BATCH
BATCH-000756,M,100001,7,4,263000756,19720127,140200,LGCNS DEVON BATCH
BATCH-000757,F,100001,7,4,263000757,19720128,140200,LGCNS DEVON BATCH
BATCH-000758,F,100001,7,4,263000758,19720129,140200,LGCNS DEVON BATCH
BATCH-000759,M,100001,7,4,263000759,19720130,140200,LGCNS DEVON BATCH
BATCH-000760,M,100001,7,4,263000760,19720131,140200,LGCNS DEVON BATCH
BATCH-000761,F,100001,7,4,263000761,19720201,140200,LGCNS DEVON BATCH
BATCH-000762,M,100001,7,4,263000762,19720202,140200,LGCNS DEVON BATCH
BATCH-000763,M,100001,7,4,263000763,19720203,140200,LGCNS DEVON BATCH
BATCH-000764,M,100001,7,4,263000764,19720204,140200,LGCNS DEVON BATCH
BATCH-000765,M,100001,7,4,263000765,19720205,140200,LGCNS DEVON BATCH
BATCH-000766,F,100001,7,4,263000766,19720206,140200,LGCNS DEVON BATCH
BATCH-000767,M,100001,7,4,263000767,19720207,140200,LGCNS DEVON BATCH
BATCH-000768,M,100001,7,4,263000768,19720208,140200,LGCNS DEVON BATCH
BATCH-000769,F,100001,7,4,263000769,19720209,140200,LGCNS DEVON BATCH
BATCH-000770,F,100001,7,4,263000770,19720210,140200,LGCNS DEVON BATCH
BATCH-000771,F,100001,7,4,263000771,19720211,140200,LGCNS DEVON BATCH
BATCH-000772,M,100001,7,4,263000772,19720212,140200,LGCNS DEVON BATCH
BATCH-000773,M,100001,7,4,263000773,19720213,140200,LGCNS DEVON BATCH
BATCH-000774,F,100001,7,4,263000774,19720214,140200,LGCNS DEVON BATCH
BATCH-000775,M,100001,7,4,263000775,19720215,140200,LGCNS DEVON BATCH
BATCH-000776,F,100001,7,4,263000776,19720216,140200,LGCNS DEVON BATCH
BATCH-000777,F,100001,7,4,263000777,19720217,140200,LGCNS DEVON BATCH
BATCH-000778,F,100001,7,4,263000778,19720218,140200,LGCNS DEVON BATCH
BATCH-000779,F,100001,7,4,263000779,19720219,140200,LGCNS DEVON BATCH
BATCH-000780,F,100001,7,4,263000780,19720220,140200,LGCNS DEVON BATCH
BATCH-000781,M,100001,7,4,263000781,19720221,140200,LGCNS DEVON BATCH
BATCH-000782,M,100001,7,4,263000782,19720222,140200,LGCNS DEVON BATCH
BATCH-000783,M,100001,7,4,263000783,19720223,140200,LGCNS DEVON BATCH
BATCH-000784,F,100001,7,4,263000784,19720224,140200,LGCNS DEVON BATCH
BATCH-000785,M,100001,7,4,263000785,19720225,140200,LGCNS DEVON BATCH
BATCH-000786,M,100001,7,4,263000786,19720226,140200,LGCNS DEVON BATCH
BATCH-000787,F,100001,7,4,263000787,19720227,140200,LGCNS DEVON BATCH
BATCH-000788,M,100001,7,4,263000788,19720228,140200,LGCNS DEVON BATCH
BATCH-000789,M,100001,7,4,263000789,19720229,140200,LGCNS DEVON BATCH
BATCH-000790,M,100001,7,4,263000790,19720301,140200,LGCNS DEVON BATCH
BATCH-000791,F,100001,7,4,263000791,19720302,140200,LGCNS DEVON BATCH
BATCH-000792,M,100001,7,4,263000792,19720303,140200,LGCNS DEVON BATCH
BATCH-000793,M,100001,7,4,263000793,19720304,140200,LGCNS DEVON BATCH
BATCH-000794,M,100001,7,4,263000794,19720305,140200,LGCNS DEVON BATCH
BATCH-000795,M,100001,7,4,263000795,19720306,140200,LGCNS DEVON BATCH
BATCH-000796,M,100001,7,4,263000796,19720307,140200,LGCNS DEVON BATCH
BATCH-000797,M,100001,7,4,263000797,19720308,140200,LGCNS DEVON BATCH
BATCH-000798,F,100001,7,4,263000798,19720309,140200,LGCNS DEVON BATCH
BATCH-000799,F,100001,7,4,263000799,19720310,140200,LGCNS DEVON BATCH
BATCH-000800,M,100001,7,4,263000800,19720311,140200,LGCNS DEVON BATCH
BATCH-000801,F,100001,7,4,263000801,19720312,140200,LGCNS DEVON BATCH
BATCH-000802,M,100001,7,4,263000802,19720313,140200,LGCNS DEVON BATCH
BATCH-000803,M,100001,7,4,263000803,19720314,140200,LGCNS DEVON BATCH
BATCH-000804,M,100001,7,4,263000804,19720315,140200,LGCNS DEVON BATCH
BATCH-000805,F,100001,7,4,263000805,19720316,140200,LGCNS DEVON BATCH
BATCH-000806,F,100001,7,4,263000806,19720317,140200,LGCNS DEVON BATCH
BATCH-000807,F,100001,7,4,263000807,19720318,140200,LGCNS DEVON BATCH
BATCH-000808,F,100001,7,4,263000808,19720319,140200,LGCNS DEVON BATCH
BATCH-000809,M,100001,7,4,263000809,19720320,140200,LGCNS DEVON BATCH
BATCH-000810,M,100001,7,4,263000810,19720321,140200,LGCNS DEVON BATCH
BATCH-000811,M,100001,7,4,263000811,19720322,140200,LGCNS DEVON BATCH
BATCH-000812,F,100001,7,4,263000812,19720323,140200,LGCNS DEVON BATCH
BATCH-000813,M,100001,7,4,263000813,19720324,140200,LGCNS DEVON BATCH
BATCH-000814,F,100001,7,4,263000814,19720325,140200,LGCNS DEVON BATCH
BATCH-000815,F,100001,7,4,263000815,19720326,140200,LGCNS DEVON BATCH
BATCH-000816,F,100001,7,4,263000816,19720327,140200,LGCNS DEVON BATCH
BATCH-000817,F,100001,7,4,263000817,19720328,140200,LGCNS DEVON BATCH
BATCH-000818,F,100001,7,4,263000818,19720329,140200,LGCNS DEVON BATCH
BATCH-000819,M,100001,7,4,263000819,19720330,140200,LGCNS DEVON BATCH
BATCH-000820,F,100001,7,4,263000820,19720331,140200,LGCNS DEVON BATCH
BATCH-000821,M,100001,7,4,263000821,19720401,140200,LGCNS DEVON BATCH
BATCH-000822,F,100001,7,4,263000822,19720402,140200,LGCNS DEVON BATCH
BATCH-000823,F,100001,7,4,263000823,19720403,140200,LGCNS DEVON BATCH
BATCH-000824,F,100001,7,4,263000824,19720404,140200,LGCNS DEVON BATCH
BATCH-000825,F,100001,7,4,263000825,19720405,140200,LGCNS DEVON BATCH
BATCH-000826,F,100001,7,4,263000826,19720406,140200,LGCNS DEVON BATCH
BATCH-000827,F,100001,7,4,263000827,19720407,140200,LGCNS DEVON BATCH
BATCH-000828,F,100001,7,4,263000828,19720408,140200,LGCNS DEVON BATCH
BATCH-000829,M,100001,7,4,263000829,19720409,140200,LGCNS DEVON BATCH
BATCH-000830,M,100001,7,4,263000830,19720410,140200,LGCNS DEVON BATCH
BATCH-000831,M,100001,7,4,263000831,19720411,140200,LGCNS DEVON BATCH
BATCH-000832,M,100001,7,4,263000832,19720412,140200,LGCNS DEVON BATCH
BATCH-000833,F,100001,7,4,263000833,19720413,140200,LGCNS DEVON BATCH
BATCH-000834,M,100001,7,4,263000834,19720414,140200,LGCNS DEVON BATCH
BATCH-000835,F,100001,7,4,263000835,19720415,140200,LGCNS DEVON BATCH
BATCH-000836,M,100001,7,4,263000836,19720416,140200,LGCNS DEVON BATCH
BATCH-000837,M,100001,7,4,263000837,19720417,140200,LGCNS DEVON BATCH
BATCH-000838,M,100001,7,4,263000838,19720418,140200,LGCNS DEVON BATCH
BATCH-000839,F,100001,7,4,263000839,19720419,140200,LGCNS DEVON BATCH
BATCH-000840,F,100001,7,4,263000840,19720420,140200,LGCNS DEVON BATCH
BATCH-000841,F,100001,7,4,263000841,19720421,140200,LGCNS DEVON BATCH
BATCH-000842,M,100001,7,4,263000842,19720422,140200,LGCNS DEVON BATCH
BATCH-000843,F,100001,7,4,263000843,19720423,140200,LGCNS DEVON BATCH
BATCH-000844,F,100001,7,4,263000844,19720424,140200,LGCNS DEVON BATCH
BATCH-000845,F,100001,7,4,263000845,19720425,140200,LGCNS DEVON BATCH
BATCH-000846,M,100001,7,4,263000846,19720426,140200,LGCNS DEVON BATCH
BATCH-000847,F,100001,7,4,263000847,19720427,140200,LGCNS DEVON BATCH
BATCH-000848,M,100001,7,4,263000848,19720428,140200,LGCNS DEVON BATCH
BATCH-000849,F,100001,7,4,263000849,19720429,140200,LGCNS DEVON BATCH
BATCH-000850,F,100001,7,4,263000850,19720430,140200,LGCNS DEVON BATCH
BATCH-000851,F,100001,7,4,263000851,19720501,140200,LGCNS DEVON BATCH
BATCH-000852,M,100001,7,4,263000852,19720502,140200,LGCNS DEVON BATCH
BATCH-000853,M,100001,7,4,263000853,19720503,140200,LGCNS DEVON BATCH
BATCH-000854,M,100001,7,4,263000854,19720504,140200,LGCNS DEVON BATCH
BATCH-000855,F,100001,7,4,263000855,19720505,140200,LGCNS DEVON BATCH
BATCH-000856,M,100001,7,4,263000856,19720506,140200,LGCNS DEVON BATCH
BATCH-000857,M,100001,7,4,263000857,19720507,140200,LGCNS DEVON BATCH
BATCH-000858,F,100001,7,4,263000858,19720508,140200,LGCNS DEVON BATCH
BATCH-000859,M,100001,7,4,263000859,19720509,140200,LGCNS DEVON BATCH
BATCH-000860,M,100001,7,4,263000860,19720510,140200,LGCNS DEVON BATCH
BATCH-000861,F,100001,7,4,263000861,19720511,140200,LGCNS DEVON BATCH
BATCH-000862,M,100001,7,4,263000862,19720512,140200,LGCNS DEVON BATCH
BATCH-000863,F,100001,7,4,263000863,19720513,140200,LGCNS DEVON BATCH
BATCH-000864,F,100001,7,4,263000864,19720514,140200,LGCNS DEVON BATCH
BATCH-000865,M,100001,7,4,263000865,19720515,140200,LGCNS DEVON BATCH
BATCH-000866,M,100001,7,4,263000866,19720516,140200,LGCNS DEVON BATCH
BATCH-000867,F,100001,7,4,263000867,19720517,140200,LGCNS DEVON BATCH
BATCH-000868,F,100001,7,4,263000868,19720518,140200,LGCNS DEVON BATCH
BATCH-000869,M,100001,7,4,263000869,19720519,140200,LGCNS DEVON BATCH
BATCH-000870,M,100001,7,4,263000870,19720520,140200,LGCNS DEVON BATCH
BATCH-000871,F,100001,7,4,263000871,19720521,140200,LGCNS DEVON BATCH
BATCH-000872,M,100001,7,4,263000872,19720522,140200,LGCNS DEVON BATCH
BATCH-000873,F,100001,7,4,263000873,19720523,140200,LGCNS DEVON BATCH
BATCH-000874,F,100001,7,4,263000874,19720524,140200,LGCNS DEVON BATCH
BATCH-000875,M,100001,7,4,263000875,19720525,140200,LGCNS DEVON BATCH
BATCH-000876,F,100001,7,4,263000876,19720526,140200,LGCNS DEVON BATCH
BATCH-000877,F,100001,7,4,263000877,19720527,140200,LGCNS DEVON BATCH
BATCH-000878,M,100001,7,4,263000878,19720528,140200,LGCNS DEVON BATCH
BATCH-000879,F,100001,7,4,263000879,19720529,140200,LGCNS DEVON BATCH
BATCH-000880,M,100001,7,4,263000880,19720530,140200,LGCNS DEVON BATCH
BATCH-000881,M,100001,7,4,263000881,19720531,140200,LGCNS DEVON BATCH
BATCH-000882,F,100001,7,4,263000882,19720601,140200,LGCNS DEVON BATCH
BATCH-000883,F,100001,7,4,263000883,19720602,140200,LGCNS DEVON BATCH
BATCH-000884,M,100001,7,4,263000884,19720603,140200,LGCNS DEVON BATCH
BATCH-000885,F,100001,7,4,263000885,19720604,140200,LGCNS DEVON BATCH
BATCH-000886,M,100001,7,4,263000886,19720605,140200,LGCNS DEVON BATCH
BATCH-000887,F,100001,7,4,263000887,19720606,140200,LGCNS DEVON BATCH
BATCH-000888,F,100001,7,4,263000888,19720607,140200,LGCNS DEVON BATCH
BATCH-000889,F,100001,7,4,263000889,19720608,140200,LGCNS DEVON BATCH
BATCH-000890,M,100001,7,4,263000890,19720609,140200,LGCNS DEVON BATCH
BATCH-000891,F,100001,7,4,263000891,19720610,140200,LGCNS DEVON BATCH
BATCH-000892,F,100001,7,4,263000892,19720611,140200,LGCNS DEVON BATCH
BATCH-000893,M,100001,7,4,263000893,19720612,140200,LGCNS DEVON BATCH
BATCH-000894,M,100001,7,4,263000894,19720613,140200,LGCNS DEVON BATCH
BATCH-000895,F,100001,7,4,263000895,19720614,140200,LGCNS DEVON BATCH
BATCH-000896,F,100001,7,4,263000896,19720615,140200,LGCNS DEVON BATCH
BATCH-000897,M,100001,7,4,263000897,19720616,140200,LGCNS DEVON BATCH
BATCH-000898,F,100001,7,4,263000898,19720617,140200,LGCNS DEVON BATCH
BATCH-000899,M,100001,7,4,263000899,19720618,140200,LGCNS DEVON BATCH
BATCH-000900,M,100001,7,4,263000900,19720619,140200,LGCNS DEVON BATCH
BATCH-000901,M,100001,7,4,263000901,19720620,140200,LGCNS DEVON BATCH
BATCH-000902,F,100001,7,4,263000902,19720621,140200,LGCNS DEVON BATCH
BATCH-000903,M,100001,7,4,263000903,19720622,140200,LGCNS DEVON BATCH
BATCH-000904,F,100001,7,4,263000904,19720623,140200,LGCNS DEVON BATCH
BATCH-000905,F,100001,7,4,263000905,19720624,140200,LGCNS DEVON BATCH
BATCH-000906,F,100001,7,4,263000906,19720625,140200,LGCNS DEVON BATCH
BATCH-000907,F,100001,7,4,263000907,19720626,140200,LGCNS DEVON BATCH
BATCH-000908,F,100001,7,4,263000908,19720627,140200,LGCNS DEVON BATCH
BATCH-000909,M,100001,7,4,263000909,19720628,140200,LGCNS DEVON BATCH
BATCH-000910,F,100001,7,4,263000910,19720629,140200,LGCNS DEVON BATCH
BATCH-000911,F,100001,7,4,263000911,19720630,140200,LGCNS DEVON BATCH
BATCH-000912,M,100001,7,4,263000912,19720701,140200,LGCNS DEVON BATCH
BATCH-000913,M,100001,7,4,263000913,19720702,140200,LGCNS DEVON BATCH
BATCH-000914,M,100001,7,4,263000914,19720703,140200,LGCNS DEVON BATCH
BATCH-000915,F,100001,7,4,263000915,19720704,140200,LGCNS DEVON BATCH
BATCH-000916,F,100001,7,4,263000916,19720705,140200,LGCNS DEVON BATCH
BATCH-000917,F,100001,7,4,263000917,19720706,140200,LGCNS DEVON BATCH
BATCH-000918,F,100001,7,4,263000918,19720707,140200,LGCNS DEVON BATCH
BATCH-000919,M,100001,7,4,263000919,19720708,140200,LGCNS DEVON BATCH
BATCH-000920,M,100001,7,4,263000920,19720709,140200,LGCNS DEVON BATCH
BATCH-000921,M,100001,7,4,263000921,19720710,140200,LGCNS DEVON BATCH
BATCH-000922,F,100001,7,4,263000922,19720711,140200,LGCNS DEVON BATCH
BATCH-000923,F,100001,7,4,263000923,19720712,140200,LGCNS DEVON BATCH
BATCH-000924,F,100001,7,4,263000924,19720713,140200,LGCNS DEVON BATCH
BATCH-000925,F,100001,7,4,263000925,19720714,140200,LGCNS DEVON BATCH
BATCH-000926,M,100001,7,4,263000926,19720715,140200,LGCNS DEVON BATCH
BATCH-000927,M,100001,7,4,263000927,19720716,140200,LGCNS DEVON BATCH
BATCH-000928,F,100001,7,4,263000928,19720717,140200,LGCNS DEVON BATCH
BATCH-000929,F,100001,7,4,263000929,19720718,140200,LGCNS DEVON BATCH
BATCH-000930,M,100001,7,4,263000930,19720719,140200,LGCNS DEVON BATCH
BATCH-000931,M,100001,7,4,263000931,19720720,140200,LGCNS DEVON BATCH
BATCH-000932,M,100001,7,4,263000932,19720721,140200,LGCNS DEVON BATCH
BATCH-000933,F,100001,7,4,263000933,19720722,140200,LGCNS DEVON BATCH
BATCH-000934,M,100001,7,4,263000934,19720723,140200,LGCNS DEVON BATCH
BATCH-000935,M,100001,7,4,263000935,19720724,140200,LGCNS DEVON BATCH
BATCH-000936,M,100001,7,4,263000936,19720725,140200,LGCNS DEVON BATCH
BATCH-000937,M,100001,7,4,263000937,19720726,140200,LGCNS DEVON BATCH
BATCH-000938,F,100001,7,4,263000938,19720727,140200,LGCNS DEVON BATCH
BATCH-000939,M,100001,7,4,263000939,19720728,140200,LGCNS DEVON BATCH
BATCH-000940,M,100001,7,4,263000940,19720729,140200,LGCNS DEVON BATCH
BATCH-000941,F,100001,7,4,263000941,19720730,140200,LGCNS DEVON BATCH
BATCH-000942,M,100001,7,4,263000942,19720731,140200,LGCNS DEVON BATCH
BATCH-000943,M,100001,7,4,263000943,19720801,140200,LGCNS DEVON BATCH
BATCH-000944,F,100001,7,4,263000944,19720802,140200,LGCNS DEVON BATCH
BATCH-000945,F,100001,7,4,263000945,19720803,140200,LGCNS DEVON BATCH
BATCH-000946,M,100001,7,4,263000946,19720804,140200,LGCNS DEVON BATCH
BATCH-000947,M,100001,7,4,263000947,19720805,140200,LGCNS DEVON BATCH
BATCH-000948,F,100001,7,4,263000948,19720806,140200,LGCNS DEVON BATCH
BATCH-000949,M,100001,7,4,263000949,19720807,140200,LGCNS DEVON BATCH
BATCH-000950,M,100001,7,4,263000950,19720808,140200,LGCNS DEVON BATCH
BATCH-000951,M,100001,7,4,263000951,19720809,140200,LGCNS DEVON BATCH
BATCH-000952,M,100001,7,4,263000952,19720810,140200,LGCNS DEVON BATCH
BATCH-000953,F,100001,7,4,263000953,19720811,140200,LGCNS DEVON BATCH
BATCH-000954,M,100001,7,4,263000954,19720812,140200,LGCNS DEVON BATCH
BATCH-000955,M,100001,7,4,263000955,19720813,140200,LGCNS DEVON BATCH
BATCH-000956,M,100001,7,4,263000956,19720814,140200,LGCNS DEVON BATCH
BATCH-000957,M,100001,7,4,263000957,19720815,140200,LGCNS DEVON BATCH
BATCH-000958,F,100001,7,4,263000958,19720816,140200,LGCNS DEVON BATCH
BATCH-000959,F,100001,7,4,263000959,19720817,140200,LGCNS DEVON BATCH
BATCH-000960,M,100001,7,4,263000960,19720818,140200,LGCNS DEVON BATCH
BATCH-000961,F,100001,7,4,263000961,19720819,140200,LGCNS DEVON BATCH
BATCH-000962,M,100001,7,4,263000962,19720820,140200,LGCNS DEVON BATCH
BATCH-000963,F,100001,7,4,263000963,19720821,140200,LGCNS DEVON BATCH
BATCH-000964,M,100001,7,4,263000964,19720822,140200,LGCNS DEVON BATCH
BATCH-000965,M,100001,7,4,263000965,19720823,140200,LGCNS DEVON BATCH
BATCH-000966,M,100001,7,4,263000966,19720824,140200,LGCNS DEVON BATCH
BATCH-000967,F,100001,7,4,263000967,19720825,140200,LGCNS DEVON BATCH
BATCH-000968,M,100001,7,4,263000968,19720826,140200,LGCNS DEVON BATCH
BATCH-000969,M,100001,7,4,263000969,19720827,140200,LGCNS DEVON BATCH
BATCH-000970,F,100001,7,4,263000970,19720828,140200,LGCNS DEVON BATCH
BATCH-000971,F,100001,7,4,263000971,19720829,140200,LGCNS DEVON BATCH
BATCH-000972,M,100001,7,4,263000972,19720830,140200,LGCNS DEVON BATCH
BATCH-000973,F,100001,7,4,263000973,19720831,140200,LGCNS DEVON BATCH
BATCH-000974,M,100001,7,4,263000974,19720901,140200,LGCNS DEVON BATCH
BATCH-000975,M,100001,7,4,263000975,19720902,140200,LGCNS DEVON BATCH
BATCH-000976,F,100001,7,4,263000976,19720903,140200,LGCNS DEVON BATCH
BATCH-000977,M,100001,7,4,263000977,19720904,140200,LGCNS DEVON BATCH
BATCH-000978,F,100001,7,4,263000978,19720905,140200,LGCNS DEVON BATCH
BATCH-000979,M,100001,7,4,263000979,19720906,140200,LGCNS DEVON BATCH
BATCH-000980,M,100001,7,4,263000980,19720907,140200,LGCNS DEVON BATCH
BATCH-000981,F,100001,7,4,263000981,19720908,140200,LGCNS DEVON BATCH
BATCH-000982,M,100001,7,4,263000982,19720909,140200,LGCNS DEVON BATCH
BATCH-000983,M,100001,7,4,263000983,19720910,140200,LGCNS DEVON BATCH
BATCH-000984,F,100001,7,4,263000984,19720911,140200,LGCNS DEVON BATCH
BATCH-000985,M,100001,7,4,263000985,19720912,140200,LGCNS DEVON BATCH
BATCH-000986,F,100001,7,4,263000986,19720913,140200,LGCNS DEVON BATCH
BATCH-000987,F,100001,7,4,263000987,19720914,140200,LGCNS DEVON BATCH
BATCH-000988,F,100001,7,4,263000988,19720915,140200,LGCNS DEVON BATCH
BATCH-000989,F,100001,7,4,263000989,19720916,140200,LGCNS DEVON BATCH
BATCH-000990,F,100001,7,4,263000990,19720917,140200,LGCNS DEVON BATCH
BATCH-000991,F,100001,7,4,263000991,19720918,140200,LGCNS DEVON BATCH
BATCH-000992,M,100001,7,4,263000992,19720919,140200,LGCNS DEVON BATCH
BATCH-000993,F,100001,7,4,263000993,19720920,140200,LGCNS DEVON BATCH
BATCH-000994,F,100001,7,4,263000994,19720921,140200,LGCNS DEVON BATCH
BATCH-000995,F,100001,7,4,263000995,19720922,140200,LGCNS DEVON BATCH
BATCH-000996,F,100001,7,4,263000996,19720923,140200,LGCNS DEVON BATCH
BATCH-000997,F,100001,7,4,263000997,19720924,140200,LGCNS DEVON BATCH
BATCH-000998,M,100001,7,4,263000998,19720925,140200,LGCNS DEVON BATCH
BATCH-000999,M,100001,7,4,263000999,19720926,140200,LGCNS DEVON BATCH
