<?xml version="1.0" encoding="UTF-8"?>
<beans xmlns="http://www.springframework.org/schema/beans"
	xmlns:xsi="http://www.w3.org/2001/XMLSchema-instance"
    xmlns:batch="http://www.springframework.org/schema/batch"
	xsi:schemaLocation="
	http://www.springframework.org/schema/batch http://www.springframework.org/schema/batch/spring-batch.xsd
	http://www.springframework.org/schema/beans http://www.springframework.org/schema/beans/spring-beans.xsd">
	
	<!--  
		DevOn Management Batch Job Sample
		File(delimited) to File(delimited) Job
	-->
	
<!-- 	<job id="file-to-file-job"> -->
<!-- 		<step id="file-to-file-step">			 -->
<!-- 			<tasklet transaction-manager="non-transactionManager"> -->
<!-- 				<chunk reader="file-to-file-d-reader" writer="file-to-file-d-writer" commit-interval="1000" /> -->
<!-- 			</tasklet> -->
<!-- 		</step> -->
<!-- 	</job> -->
	
	<!-- FlatFileItemReader -->
<!-- 	<bean id="file-to-file-d-reader" class="org.springframework.batch.item.file.FlatFileItemReader" scope="step"> -->
<!-- 		<property name="resource" value="classpath:/data/input/employee.1000.csv" /> -->
<!-- 		<property name="linesToSkip" value="1" /> -->
<!-- 		<property name="encoding" value="UTF-8" /> -->
<!--     	<property name="lineMapper"> -->
<!--         	<bean class="devonframe.batch.item.file.mapping.DefaultStringLineMapper"> -->
<!--             	<property name="lineTokenizer"> -->
<!--             		<bean class="devonframe.batch.item.file.transform.DelimitedStringLineTokenizer"> -->
<!--             			<property name="delimiter" value="," /> -->
<!--             		</bean> -->
<!--             	</property> -->
<!--             	<property name="objectMapper"> -->
<!--             		<bean class="devonframe.batch.item.file.mapping.FastReflectorObjectMapper"> -->
<!--             			<property name="type" value="devonframe.batch.gyva.common.model.Employee" /> -->
<!--             			<property name="names"  -->
<!--             				value="num,name,sex,departmentCode,joblevelCode,skillCode,telephone,birthdate,postal,address" /> -->
<!--             		</bean> -->
<!--             	</property> -->
<!--         	</bean> -->
<!--     	</property>  -->
<!-- 	</bean>	 -->
	
	<!-- FlatFileItemWriter -->
<!-- 	<bean id="file-to-file-d-writer" class="org.springframework.batch.item.file.FlatFileItemWriter" scope="step"> -->
<!--    		<property name="resource" value="file:///C:/devonbatch/out/employee.1000.out.csv" /> -->
<!--    		<property name="lineAggregator"> -->
<!--       		<bean class="org.springframework.batch.item.file.transform.DelimitedLineAggregator"> -->
<!-- 	 			<property name="fieldExtractor"> -->
<!-- 		    		<bean class="devonframe.batch.item.file.transform.FastReflectorFieldExtractor"> -->
<!-- 		       			<property name="names" -->
<!-- 							value="num,name,sex,departmentCode,joblevelCode,skillCode,telephone,birthdate,postal,address" /> -->
<!-- 		    		</bean> -->
<!-- 	 			</property> -->
<!--         		<property name="delimiter" value=","/> -->
<!--       		</bean> -->
<!--    		</property> -->
<!-- 	</bean> -->
	
</beans>