<?xml version="1.0" encoding="UTF-8"?>
<!DOCTYPE mapper PUBLIC "-//mybatis.org//DTD Mapper 3.0//EN" "http://mybatis.org/dtd/mybatis-3-mapper.dtd">

<mapper namespace="manager">

	<insert id="insertManager">
		<![CDATA[
			INSERT INTO user_info (
			      email
				, password
				, name_first 
				, name_last
				, user_type
				, division_code
				, country_code
				, file_id
				, request_date
				, state_code
				, consent_yn
				, create_id
				, create_date
				, update_id
				, update_date
			) VALUES (
			      #{email}
				, #{password , jdbcType=VARCHAR}
				, #{nameFirst}
				, #{nameLast}
				, #{userType}
				, #{divisionCode}
				, #{countryCode}
				, #{fileId}
				, NOW()
				, #{stateCode}
				, 'Y'
				, #{createId}
				, NOW()
				, #{updateId}
				, NOW()
			)
		]]>
	</insert>

	<select id="retrieveManager" resultType="manager">
		<![CDATA[
			SELECT userInfo.seq
	             , userInfo.email
	             , userInfo.password
	             , userInfo.name_first as nameFirst
	             , userInfo.name_last as nameLast
	             , userInfo.user_type as userType 
              FROM user_info userInfo, code_detail codeDetail
             where userInfo.user_type = codeDetail.code
               and email = #{email};
	 	]]>
	</select>


	<update id="updateManager">
		<![CDATA[
			UPDATE user_info
			   SET password = #{password , jdbcType=VARCHAR}
			       , update_date = NOW()
			       , update_id = #{seq}
			 WHERE email = #{email}
		]]>
	</update>

	<delete id="deleteManager">
		<![CDATA[
			DELETE
			  FROM user_info
			 WHERE seq = #{usrSeq}
		]]>
	</delete>

	<update id="updatePwdManager">
		<![CDATA[
			UPDATE user_info
			   SET password = #{password , jdbcType=VARCHAR}
			       , update_date = NOW()
			       , update_id = #{seq}
			 WHERE seq = #{seq}
		]]>
	</update>


</mapper>