<?xml version="1.0" encoding="UTF-8"?>
<!DOCTYPE configuration PUBLIC "-//mybatis.org//DTD Config 3.0//EN" "http://mybatis.org/dtd/mybatis-3-config.dtd">

<configuration>
	<settings>
		<setting name="mapUnderscoreToCamelCase" value="true" />
	</settings>
	<typeAliases>
	    <typeAlias alias="user" type="com.gyva.web.common.user.model.User" />
	    <typeAlias alias="fileInfo" type="com.gyva.web.common.filedownload.model.FileInfo" />
	</typeAliases>
	<plugins>
		<plugin interceptor="devonframe.log.trace.interceptor.QueryLoggingInterceptor" />
		<plugin interceptor="devonframe.paging.interceptor.MyBatisPagingInterceptor" />
		<plugin interceptor="devonframe.scrollpaging.interceptor.MyBatisScrollPagingInterceptor" />
	</plugins>			
</configuration>