<?xml version="1.0" encoding="UTF-8"?>
<!DOCTYPE mapper PUBLIC "-//mybatis.org//DTD Mapper 3.0//EN" "http://mybatis.org/dtd/mybatis-3-mapper.dtd">

<mapper namespace="Contents">


    <select id="retrieveContents" resultType="contents">
        <![CDATA[
		SELECT ci.seq as seq
		     , ci.contents_id as contentsId
		     , ci.menu_id as menuId
		     , ci.category_code as categoryCode
		     , (SELECT code_name FROM code_detail WHERE group_id = #{menuId} AND CODE = ci.category_code) AS categorName
             , ci.title as title
             , ci.contents as contents
             , DATE_FORMAT(ci.create_date, '%Y-%m-%d') as createDate
             , fi_thum.file_path as thumFilePath
             , fi.file_name as fileName
             , fi.file_path as filePath
             , fi.file_size as fileSize
             , fi.file_extension as fileExtension
             , ifnull(cl.views, 0) AS views
		  FROM contents_info ci
		       		LEFT OUTER JOIN file_info fi_thum
            ON ci.file_id = fi_thum.file_id 
		   AND fi_thum.file_number = '1'
           AND fi_thum.delete_yn = 'N'
		  			LEFT OUTER JOIN file_info fi
            ON ci.file_id = fi.file_id
           AND fi.file_number = '2'
           AND fi.delete_yn = 'N'
               LEFT OUTER JOIN (SELECT COUNT(seq) AS views
		                             , menu_id
				                     , contents_id
								  FROM connect_log 
							     GROUP BY menu_id
								        , contents_id) cl
            ON ci.menu_id = cl.menu_id
           AND ci.contents_id = cl.contents_id
         WHERE ci.seq = #{seq}
        ]]>
    </select>

    <insert id="insertContents">
        <![CDATA[
        INSERT INTO contents_info(
               contents_id
             , menu_id
             , category_code
             , title
             , contents
             , file_id
             , state_code
             , reader_user_id
             , survey_id
             , remark
             , create_id
             , create_date
             , update_id
             , update_date
        ) VALUES (
               #{contentsId}
             , #{menuId}
             , #{categoryCode}
             , #{title}
             , #{contents}
             , #{fileId}
             , #{stateCode}
             , #{readerUserId}
             , #{surveyId}
             , #{remark}
             , 0
             , NOW()
             , 0
             , NOW()
        )
        ]]>
    </insert>

    <update id="updateContents">
        <![CDATA[
        UPDATE SAM_EMPLOYEE
           SET NUM = NUM
             , NAME = #{name}
             , JOBLEVEL_CODE = #{joblevelCode}
             , DIVISION_CODE = #{divisionCode}
             , DEPARTMENT_CODE = #{departmentCode}
             , BIRTHDATE = #{birthdate}
             , SEX = #{sex}
             , SSN = #{ssn}
             , TELEPHONE = #{telephone}
             , POSTAL = #{postal}
             , SKILL_CODE = #{skillCode}
             , ADDRESS = #{address}
         WHERE NUM = #{num}
        ]]>
    </update>

    <update id="updateContentsForP2">
        <![CDATA[
        UPDATE SAM_EMPLOYEE
           SET NAME = #{name}
             , JOBLEVEL_CODE = #{joblevelCode}
             , SKILL_CODE = #{skillCode}
             , TELEPHONE = #{telephone}
             , BIRTHDATE = #{birthdate}
         WHERE NUM = #{num}
        ]]>
    </update>


    <delete id="deleteContents">
        <![CDATA[
        DELETE
          FROM SAM_EMPLOYEE
         WHERE NUM = #{num}
        ]]>
    </delete>

    <select id="retrieveContentsList" resultType="contents">
        <![CDATA[
		SELECT ci.seq as seq
		     , ci.contents_id as contentsId
		     , ci.menu_id as menuId
		     , ci.category_code as categoryCode
		     , (SELECT code_name FROM code_detail WHERE group_id = #{menuId} AND CODE = ci.category_code) AS categorName
             , ci.title as title
             , ci.contents as contents
             , DATE_FORMAT(ci.create_date, '%Y-%m-%d') as createDate
             , fi_thum.file_path as thumFilePath
             , fi.file_name as fileName
             , fi.file_path as filePath
             , fi.file_size as fileSize
             , fi.file_extension as fileExtension
             , ifnull(cl.views, 0) AS views
		  FROM contents_info ci
		       LEFT OUTER JOIN file_info fi_thum
            ON ci.file_id = fi_thum.file_id 
		   AND fi_thum.file_number = '1'
           AND fi_thum.delete_yn = 'N'
		       LEFT OUTER JOIN file_info fi
            ON ci.file_id = fi.file_id
           AND fi.file_number = '2'
           AND fi.delete_yn = 'N'
               LEFT OUTER JOIN (SELECT COUNT(seq) AS views
		                             , menu_id
				                     , contents_id
								  FROM connect_log 
							     GROUP BY menu_id
								        , contents_id) cl
            ON ci.menu_id = cl.menu_id
           AND ci.contents_id = cl.contents_id
		 WHERE ci.state_code = '02'
		   AND ci.menu_id = #{menuId}
        ]]>
        <if test="newest != null and newest != ''">
        <![CDATA[ ORDER BY CAST(ci.contents_id AS SIGNED) DESC ]]>
        </if>
        <if test="popularity != null and popularity != ''">
        <![CDATA[ ORDER BY ifnull(cl.views, 0) DESC  ]]>
        </if>   
    </select>

    <select id="retrieveShuttleContentsList" resultType="contents">
        SELECT A.NUM
             , A.NAME
             , B.NAME AS "JOBLEVEL_CODE_NAME"
             , C.NAME AS "DEPARTMENT_CODE_NAME"
          FROM
		<choose>
			<when test="type == 'dlt'">
			 SAM_EMPLOYEE_DLT A
			</when>
			<otherwise>
			 SAM_EMPLOYEE A
			</otherwise>
		</choose>
               LEFT OUTER JOIN SAM_JOBLEVEL B
            ON A.JOBLEVEL_CODE = B.CODE
               LEFT OUTER JOIN SAM_DEPARTMENT C
            ON (A.DIVISION_CODE || A.DEPARTMENT_CODE) = (C.DIV_CODE || C.CODE)
         WHERE 1=1
        <if test="skillCode != null and skillCode != ''">
        <![CDATA[ AND A.skill_code = #{skillCode} ]]>
        </if>
        <if test="joblevelCode != null and joblevelCode != ''">
        <![CDATA[ AND A.joblevel_code = #{joblevelCode}  ]]>
        </if>
        <if test="name != null and name != ''">
        <![CDATA[ AND A.name LIKE '%'||#{name}||'%'  ]]>
        </if>
    </select>

    <insert id="insertShuttleContents">
        INSERT INTO
        <choose>
			<when test="type == 'dlt'">
			 SAM_EMPLOYEE_DLT
			</when>
			<otherwise>
			 SAM_EMPLOYEE
			</otherwise>
		</choose>
        SELECT *
          FROM
        <choose>
			<when test="type == 'dlt'">
			 SAM_EMPLOYEE
			</when>
			<otherwise>
			 SAM_EMPLOYEE_DLT
			</otherwise>
		</choose>
         WHERE NUM = #{num}
    </insert>

    <delete id="deleteShuttleContents">
        DELETE
          FROM
        <choose>
			<when test="type == 'dlt'">
			 SAM_EMPLOYEE
			</when>
			<otherwise>
			 SAM_EMPLOYEE_DLT
			</otherwise>
		</choose>
         WHERE NUM = #{num}
    </delete>
    
     <select id="retrieveContentsDetail" resultType="contents">
        <![CDATA[
         SELECT NUM
             , NOWJOB
             , TITLE 
             , RETIREMENT
             , WORKINGYEAR
             , FIRSTDATE
             , WORKINGDATE
             , MARRIAGE
             , ARMY
          FROM SAM_EMPLOYEE_MASTERDETAIL
         WHERE NUM = #{num}  
        ]]>
    </select>   
    
    <insert id="insertContentsDetail">
        <![CDATA[
        INSERT INTO SAM_EMPLOYEE_MASTERDETAIL(
               NUM
             , NOWJOB
             , TITLE 
             , RETIREMENT
             , WORKINGYEAR
             , FIRSTDATE
             , WORKINGDATE
             , MARRIAGE
             , ARMY
        ) VALUES (
               #{num}
             , #{nowjob}
             , #{title}
             , #{retirement}
             , #{workingyear}
             , #{firstdate}
             , #{workingdate}
             , #{marriage}
             , #{army}
        ) 
        ]]>
    </insert>
    
    <update id="updateContentsDetail">
        <![CDATA[
       UPDATE SAM_EMPLOYEE_MASTERDETAIL
           SET NOWJOB = #{nowjob} 
             , TITLE = #{title}  
             , RETIREMENT = #{retirement}
             , WORKINGYEAR = #{workingyear}
             , FIRSTDATE = #{firstdate} 
             , WORKINGDATE = #{workingdate}
             , MARRIAGE = #{marriage}
             , ARMY = #{army}
         WHERE NUM = #{num}
        ]]>
    </update> 
    
    <delete id="deleteContentsDetail">
        <![CDATA[
        DELETE 
          FROM SAM_EMPLOYEE_MASTERDETAIL
         WHERE NUM = #{num}
        ]]>
    </delete>   
    
     <update id="updateContentsForP41">
        <![CDATA[
       UPDATE SAM_EMPLOYEE
           SET JOBLEVEL_CODE = #{joblevelCode}
             , DIVISION_CODE = #{divisionCode}
             , DEPARTMENT_CODE = #{departmentCode}
         WHERE NUM = #{num} 
        ]]>
    </update>
    
    <select id="retrieveContentsTreeList" resultType="contents">
        <![CDATA[  
        SELECT A.CODE AS "DIVISION_CODE"
             , B.CODE AS "DEPARTMENT_CODE"
             , C.NUM
             , A.NAME AS "DIVISION_CODE_NAME"
             , B.NAME AS "DEPARTMENT_CODE_NAME"
             , C.NAME 
          FROM SAM_DIVISION A
               LEFT OUTER JOIN SAM_DEPARTMENT B
            ON A.CODE = B.DIV_CODE
               LEFT OUTER JOIN SAM_EMPLOYEE C
            ON A.CODE || B.CODE = C.DIVISION_CODE || C.DEPARTMENT_CODE
         ORDER BY A.CODE
                , B.CODE
                , C.NUM
        ]]>            
    </select>   

</mapper>