<?xml version="1.0" encoding="UTF-8"?>
<beans xmlns="http://www.springframework.org/schema/beans"
	xmlns:xsi="http://www.w3.org/2001/XMLSchema-instance"
	xmlns:context="http://www.springframework.org/schema/context"
	xsi:schemaLocation="http://www.springframework.org/schema/beans http://www.springframework.org/schema/beans/spring-beans.xsd
		http://www.springframework.org/schema/context http://www.springframework.org/schema/context/spring-context.xsd">

	<context:component-scan base-package="devonframe.gyva, devonframe.management">
		<context:exclude-filter type="annotation" expression="org.springframework.stereotype.Controller"/>
	</context:component-scan>

	<bean class="org.springframework.beans.factory.config.PropertyPlaceholderConfigurer">
		<property name="locations" value="classpath:config/*.properties" />
		<property name="fileEncoding" value="UTF-8" />
	</bean>

	<!-- Message File을 이용한 메세지 관리 -->
	<bean id="messageSource" class="org.springframework.context.support.ReloadableResourceBundleMessageSource">
		<property name="basenames">
			<list>
				<value>classpath:/message/message-common</value>
				<value>classpath:/message/message-office</value>
				<value>classpath:/message/message-validator</value>
			</list>
		</property>
		<property name="cacheSeconds" value="60" />
		<property name="defaultEncoding" value="UTF-8" />
	</bean>

	<bean id="messageSourceAccessor" class="org.springframework.context.support.MessageSourceAccessor">
		<constructor-arg><ref bean="messageSource"/></constructor-arg>
	</bean>

</beans>