<?xml version="1.0" encoding="UTF-8"?>
<beans xmlns="http://www.springframework.org/schema/beans"
	xmlns:xsi="http://www.w3.org/2001/XMLSchema-instance"
	xmlns:tx="http://www.springframework.org/schema/tx"
	xmlns:aop="http://www.springframework.org/schema/aop"
	xsi:schemaLocation="http://www.springframework.org/schema/aop http://www.springframework.org/schema/aop/spring-aop.xsd
		http://www.springframework.org/schema/beans http://www.springframework.org/schema/beans/spring-beans.xsd
		http://www.springframework.org/schema/tx http://www.springframework.org/schema/tx/spring-tx.xsd">


	<bean id="txManager" class="devonframe.transaction.CompositeDataSourceTransactionManager">
		<property name="dataSources" ref="dataSource" />
	</bean>

	<!-- XML based Transaction -->

	<aop:config>
		<aop:pointcut id="requiredTx" expression="execution(* *..*XmlTransactionService.*(..))" />
		<aop:advisor advice-ref="txAdvice" pointcut-ref="requiredTx" />
	</aop:config>
	<tx:advice id="txAdvice" transaction-manager="txManager">
		<tx:attributes>
			<tx:method name="retrieve*" read-only="true" />
			<tx:method name="insert*" rollback-for="Exception" />
			<tx:method name="update*" rollback-for="Exception" />
			<tx:method name="delete*" rollback-for="Exception" />
		</tx:attributes>
	</tx:advice>


	<!-- Annotation based Transaction -->
	<tx:annotation-driven transaction-manager="txManager"/>

</beans>