<?xml version="1.0" encoding="UTF-8"?>
<beans xmlns="http://www.springframework.org/schema/beans"
	xmlns:xsi="http://www.w3.org/2001/XMLSchema-instance"
	xmlns:jdbc="http://www.springframework.org/schema/jdbc"
	xmlns:context="http://www.springframework.org/schema/context"
	xsi:schemaLocation="http://www.springframework.org/schema/jdbc http://www.springframework.org/schema/jdbc/spring-jdbc.xsd
		http://www.springframework.org/schema/beans http://www.springframework.org/schema/beans/spring-beans.xsd
		http://www.springframework.org/schema/context http://www.springframework.org/schema/context/spring-context.xsd">
	

	<bean id="databaseMessageSource" class="devonframe.message.database.DatabaseMessageSource">
		<property name="dataSource" ref="dataSource" />
		<property name="defaultQuery" value="SELECT MESSAGE, LOCALE, CODE FROM MESSAGES"/>
	</bean>
	
   	<bean id="fileMessageSource" class="devonframe.message.file.FileMessageSource">
		<property name="basenames">
			<list>
				<value>classpath:/message/message-common</value>
				<value>classpath:/message/message-front</value>
				<value>classpath:/message/message-admin</value>
				<value>classpath:/message/message-validator</value>								
			</list>
		</property>
		<property name="parentMessageSource" ref="databaseMessageSource"/>
	</bean>

</beans>