<?xml version="1.0" encoding="UTF-8"?>
<!DOCTYPE configuration PUBLIC "-//mybatis.org//DTD Config 3.0//EN" "http://mybatis.org/dtd/mybatis-3-config.dtd">

<configuration>
	<settings>
		<setting name="mapUnderscoreToCamelCase" value="true" />
	</settings>
	<typeAliases>
		<typeAlias alias="contents" type="devonframe.gyva.front.contents.model.Contents" />
	</typeAliases>
	<plugins>
		<plugin interceptor="devonframe.log.trace.interceptor.QueryLoggingInterceptor" />
		<plugin interceptor="devonframe.paging.interceptor.MyBatisPagingInterceptor" />
	</plugins>			
</configuration>