<?xml version="1.0" encoding="UTF-8"?>
<beans xmlns="http://www.springframework.org/schema/beans"
	xmlns:xsi="http://www.w3.org/2001/XMLSchema-instance"
	xmlns:jdbc="http://www.springframework.org/schema/jdbc"
	xmlns:context="http://www.springframework.org/schema/context"
	xmlns:mybatis-spring="http://mybatis.org/schema/mybatis-spring"
	xsi:schemaLocation="http://www.springframework.org/schema/jdbc http://www.springframework.org/schema/jdbc/spring-jdbc.xsd
		http://mybatis.org/schema/mybatis-spring http://mybatis.org/schema/mybatis-spring-1.2.xsd
		http://www.springframework.org/schema/beans http://www.springframework.org/schema/beans/spring-beans.xsd
		http://www.springframework.org/schema/context http://www.springframework.org/schema/context/spring-context.xsd">
 
	<!-- <jdbc:embedded-database id="dataSource" type="HSQL"> -->
 		<!-- <jdbc:script location="classpath:hsqldb/sample/sample_table.sql" /> --> 
		<!-- <jdbc:script location="classpath:hsqldb/sample/sample_data.sql" /> -->
		<!-- <jdbc:script location="classpath:hsqldb/sample/idgeneration.sql" /> -->
		<!-- <jdbc:script location="classpath:mysqldb/log/dblog.sql" /> -->
	<!-- </jdbc:embedded-database> -->
	
	<!-- <bean id="dataSource" class="org.springframework.jndi.JndiObjectFactoryBean">
		<property name="jndiName" value="java:comp/env/jdbc/mariadb" />
	</bean> -->
    <!-- <context:component-scan base-package="com.gyva.web"></context:component-scan> -->

	<!-- <context:property-placeholder location="classpath:/config/db.properties"/> -->
	
    <bean id="dataSource" class="org.apache.commons.dbcp.BasicDataSource" destroy-method="close">
		<property name="driverClassName" value="${db.driver}" />
		<property name="url" value="${db.url}" />
		<property name="username" value="${db.username}" />
		<property name="password" value="${db.password}" />
	</bean>
	
</beans>