<?xml version="1.0" encoding="UTF-8"?>
<beans xmlns="http://www.springframework.org/schema/beans"
	xmlns:xsi="http://www.w3.org/2001/XMLSchema-instance" xmlns:p="http://www.springframework.org/schema/p"
	xmlns:context="http://www.springframework.org/schema/context"
	xmlns:mvc="http://www.springframework.org/schema/mvc" xmlns:aop="http://www.springframework.org/schema/aop"
	xsi:schemaLocation="http://www.springframework.org/schema/mvc http://www.springframework.org/schema/mvc/spring-mvc.xsd
		http://www.springframework.org/schema/beans http://www.springframework.org/schema/beans/spring-beans.xsd
		http://www.springframework.org/schema/context http://www.springframework.org/schema/context/spring-context.xsd
		http://www.springframework.org/schema/aop http://www.springframework.org/schema/aop/spring-aop.xsd">
	
	<context:component-scan base-package="devonframe.sample, devonframe.management ">
		<context:exclude-filter type="annotation" expression="org.springframework.stereotype.Service" />
		<context:exclude-filter type="annotation" expression="org.springframework.stereotype.Repository" />
	</context:component-scan>
	<context:component-scan base-package="com.gyva.web" />
	

	
	<bean id="ctrLog" class="devonframe.log.trace.aspect.CtlTraceLogAspect">
		<property name="limitedCount" value="1" />
		<property name="enabled" value="true" />
	</bean>

	<bean id="beanRefreshManager" class="devonframe.refresh.BeanRefreshManager" />

	<bean name="/admin/refreshController.do" class="devonframe.refresh.controller.BeanRefreshController">
		<property name="beanRefreshManager" ref="beanRefreshManager" />
	</bean>

	<mvc:annotation-driven>
		<mvc:argument-resolvers>
			<bean class="devonframe.paging.resolver.PagingMethodArgumentResolver">
				<property name="pagingPolicyResolver" ref="pagingPolicyResolver" />
			</bean>
			<bean
				class="devonframe.scrollpaging.resolver.ScrollPagingMethodArgumentResolver">
				<property name="scrollPagingPolicyResolver" ref="scrollPagingPolicyResolver" />
			</bean>
			<bean
				class="devonframe.web.servlet.resolver.CollectionMethodArgumentResolver" />
		</mvc:argument-resolvers>
	</mvc:annotation-driven>
	
	<!-- ExceptionResolver 설정 -->
	<bean
		class="devonframe.exception.handler.SimpleHeaderMappingExceptionResolver"
		p:order="1">
		<property name="headerName" value="X-Requested-With" />
		<property name="headerValues" value="XMLHttpRequest" />
		<property name="errorView" value="ajaxErrorView" />
	</bean>

	<bean
		class="org.springframework.web.servlet.handler.SimpleMappingExceptionResolver"
		p:order="2">
		<property name="warnLogCategory" value="errorLogger" />
		<property name="exceptionMappings">
			<props>
				<prop key="devonframe.exception.BusinessException">common/error/errorBusiness</prop>
				<prop key="devonframe.exception.SystemException">common/error/errorSystem</prop>
			</props>
		</property>
		<property name="defaultErrorView" value="common/error/error" />
	</bean>

	<!-- <bean id="tilesViewResolver" class="org.springframework.web.servlet.view.UrlBasedViewResolver"> 
		<property name="viewClass" value="org.springframework.web.servlet.view.tiles3.TilesView" 
		/> <property name="order" value="2" /> </bean> -->

	<bean id="viewResolver"
		class="org.springframework.web.servlet.view.UrlBasedViewResolver"
		p:viewClass="org.springframework.web.servlet.view.JstlView"
		p:prefix="/WEB-INF/jsp/" p:suffix=".jsp" p:order="3" />

	<bean id="beanNameViewResolver"
		class="org.springframework.web.servlet.view.BeanNameViewResolver"
		p:order="1" />

	<bean id="localeResolver"
		class="org.springframework.web.servlet.i18n.SessionLocaleResolver" />

	<!-- <bean id="tilesConfigurer" class="org.springframework.web.servlet.view.tiles3.TilesConfigurer"> 
		<property name="definitions"> <list> <value>classpath:tiles/definitions.xml</value> 
		</list> </property> </bean> -->

	<!-- ajaxView설정 -->
	<bean id="ajaxView" class="org.springframework.web.servlet.view.json.MappingJackson2JsonView" />

	<!-- 1Depth의 json문자열을 리턴하기위한 View설정 -->
	<bean id="singleJsonView" class="com.gyva.web.common.view.SingleJsonListMappingJacksonJsonView" />

	<!-- ajaxErrorView설정 -->
	<bean id="ajaxErrorView" class="com.gyva.web.common.view.AjaxExceptionView" />

</beans>